customer_id,first_name,last_name,email,age,age_category,registration_date,city,country
1,Daniel,Figueroa,jeffreydoyle@example.net,58,55+,2025-08-28,New Roberttown,Bermuda
2,Jesse,Guzman,jennifermiles@example.com,25,25-34,2023-11-13,South Bridget,Sudan
3,Katherine,Moore,jpeterson@example.org,19,18-24,2022-12-19,Curtisfurt,Bhutan
4,Melanie,Munoz,blairamanda@example.com,65,55+,2024-06-18,New Kellystad,Morocco
5,Janet,Williams,kendragalloway@example.org,35,35-44,2023-10-03,South Joshuastad,Central African Republic
6,Michael,Santiago,lynchgeorge@example.net,33,25-34,2024-07-06,East Steven,Faroe Islands
7,Hailey,Robinson,megan03@example.org,32,25-34,2025-08-29,Richardland,Croatia
8,Nancy,Edwards,pfoster@example.com,26,25-34,2025-05-08,West Donald,Samoa
9,Amber,Burgess,zhurst@example.com,65,55+,2025-04-29,East William,Bermuda
10,Michelle,Hernandez,laurahenderson@example.org,24,18-24,2023-02-20,Jamesmouth,Marshall Islands
11,Tasha,Valencia,frazierdanny@example.net,61,55+,2024-01-03,Kaylamouth,Bouvet Island (Bouvetoya)
12,Ryan,Chavez,teresa28@example.org,65,55+,2024-03-08,Meaganhaven,New Caledonia
13,Eric,Farmer,georgetracy@example.org,75,55+,2023-10-13,Natashaport,Dominican Republic
14,John,Bradley,millertodd@example.org,52,45-54,2023-03-08,East Donna,Yemen
15,Frederick,Rose,ibrandt@example.net,23,18-24,2025-04-11,Lake Larry,Paraguay
16,Nathaniel,Lam,omartinez@example.org,55,55+,2025-09-13,Andrewside,Denmark
17,Jeffrey,Jones,perezrebecca@example.com,45,45-54,2025-06-10,New Johnfort,Croatia
18,David,Walls,esanchez@example.com,20,18-24,2025-03-25,North Collin,Jersey
19,Rodney,Owens,nuneztracey@example.org,19,18-24,2024-06-11,South Jessicaville,Egypt
20,James,West,dwhite@example.org,23,18-24,2023-10-02,South Lindseyside,Bolivia
21,Denise,Fernandez,novaksara@example.org,31,25-34,2023-02-25,South Todd,Croatia
22,Rachel,Martin,gallowayjoseph@example.com,32,25-34,2024-08-22,Rodneyside,Panama
23,Eric,Phillips,rileyamy@example.net,50,45-54,2025-01-03,Brianshire,Lesotho
24,Samantha,Schmidt,yuchristopher@example.org,56,55+,2025-01-28,New Carlosbury,Iraq
25,Shelly,Hudson,harveyrobert@example.net,19,18-24,2023-06-13,Sarahborough,Paraguay
26,John,Foster,stephen10@example.com,53,45-54,2024-04-10,North Amandahaven,Estonia
27,Sarah,Ibarra,mikemoore@example.net,30,25-34,2023-07-02,Cherylhaven,Algeria
28,Lisa,Evans,mcmillandennis@example.org,63,55+,2025-10-11,Lake Angelaview,Finland
29,Jason,Cooper,william40@example.org,59,55+,2025-07-05,Calderonton,Afghanistan
30,Kellie,Walsh,evan78@example.net,62,55+,2024-05-10,Hoffmanville,Belarus
31,Rebecca,Gardner,brandi26@example.org,52,45-54,2025-11-16,West Michaelton,United Arab Emirates
32,Jason,Wright,gomezanita@example.com,44,35-44,2024-06-16,East Michelle,South Georgia and the South Sandwich Islands
33,Nicole,Johnson,kimberly63@example.com,32,25-34,2023-09-10,Port Jacqueline,Hong Kong
34,Michele,Walker,ybailey@example.org,46,45-54,2023-02-07,North Donna,Iran
35,Joshua,Jones,michael86@example.net,55,55+,2024-05-01,Sheilaville,Turkey
36,Gregory,Estes,benjamin96@example.com,35,35-44,2024-01-18,Samuelhaven,Brazil
37,Rachel,Lee,fletcheraaron@example.net,69,55+,2024-07-29,West Ryan,Yemen
38,Samantha,Hanson,cortezkevin@example.com,73,55+,2025-10-05,Nguyenport,Micronesia
39,James,Ortega,lbyrd@example.net,18,18-24,2023-06-24,Richardtown,Gabon
40,Jason,Floyd,steven73@example.net,66,55+,2024-02-27,Leonburgh,Palestinian Territory
41,Justin,Beck,clarence34@example.org,69,55+,2023-04-19,East Andrew,Ecuador
42,Cheryl,Mack,operry@example.net,28,25-34,2024-12-16,Lake Heather,Lithuania
43,John,Douglas,staffordmichelle@example.org,62,55+,2024-08-20,Robinsonhaven,Kyrgyz Republic
44,Angela,Lowery,bryantlaurie@example.net,45,45-54,2023-02-25,Stephaniemouth,New Zealand
45,Ronald,Meadows,vmerritt@example.com,39,35-44,2025-01-31,Greenbury,Tajikistan
46,Joshua,Strickland,rsims@example.com,35,35-44,2025-08-25,Lake Justinview,Grenada
47,Patricia,Miller,jessebenson@example.net,27,25-34,2024-04-18,North Robert,Greenland
48,Steven,Brown,xprice@example.net,31,25-34,2025-03-30,Port Nicoleshire,Hong Kong
49,Adam,Bell,acastaneda@example.net,66,55+,2024-12-18,South Jeffrey,Jordan
50,Anthony,Rogers,dramsey@example.org,39,35-44,2025-01-01,South Brittanytown,Belize
51,Roy,Camacho,brentgray@example.org,24,18-24,2025-09-02,Murphyfurt,Fiji
52,Johnny,Miller,currybrett@example.com,23,18-24,2024-09-23,Lake Casey,Pakistan
53,Karen,Herring,maryhowell@example.org,42,35-44,2023-02-09,South Elizabeth,Mongolia
54,Steven,Scott,gary91@example.org,24,18-24,2023-11-12,Danieltown,Vanuatu
55,Barbara,Odonnell,tsanders@example.org,40,35-44,2024-04-06,New Hannahbury,Bosnia and Herzegovina
56,Kendra,Jefferson,hoganashlee@example.org,72,55+,2025-11-26,Amandastad,Bangladesh
57,Deborah,Smith,gshort@example.com,40,35-44,2025-02-01,Cynthiamouth,Russian Federation
58,Ryan,Gross,christina87@example.com,56,55+,2023-08-03,Petersenshire,Ethiopia
59,Melissa,Rivas,ramirezshannon@example.com,34,25-34,2024-04-22,Rogersfort,Thailand
60,Hunter,Lewis,matthew94@example.net,69,55+,2024-04-26,New Stacyland,Dominican Republic
61,Tracy,Chang,fbrewer@example.com,20,18-24,2024-08-31,North Kellyfurt,Puerto Rico
62,Kevin,Perkins,wtran@example.com,64,55+,2023-12-21,Michaelmouth,Faroe Islands
63,John,Martinez,leslienewton@example.net,47,45-54,2024-03-29,East Javier,Liberia
64,Jenny,Bray,tina34@example.org,52,45-54,2024-02-11,Harrytown,Russian Federation
65,David,Williams,tranheidi@example.org,25,25-34,2025-03-17,Garciatown,Montserrat
66,Taylor,Alexander,tammyking@example.com,42,35-44,2024-02-23,Port Cameronfort,Barbados
67,Crystal,Brown,lisaavery@example.org,23,18-24,2025-05-23,North Angela,Israel
68,Caitlin,Montgomery,chayes@example.com,53,45-54,2025-07-07,Torreston,New Zealand
69,Stacey,Clark,josephmiller@example.org,36,35-44,2023-05-12,New Charles,Afghanistan
70,Shannon,Wheeler,antonio44@example.net,71,55+,2024-09-03,Jonesbury,Uzbekistan
71,Kristin,Weber,ronaldstephens@example.net,58,55+,2024-01-23,West Margaret,Barbados
72,Gabriel,Parker,scott74@example.net,57,55+,2023-03-11,Benderhaven,Mauritius
73,Samuel,George,mnavarro@example.com,74,55+,2025-01-14,North Jeremyshire,Namibia
74,Yvonne,Chambers,barbara27@example.net,73,55+,2023-01-10,Moonburgh,Myanmar
75,Cynthia,Vasquez,harrisonricky@example.com,41,35-44,2024-10-16,Port Eugenechester,Puerto Rico
76,Keith,Landry,gibsonleonard@example.com,54,45-54,2025-01-16,Port Richardhaven,Sweden
77,Diane,Daniels,hbrown@example.com,30,25-34,2022-12-10,Garrettton,Costa Rica
78,Andrea,Pennington,fgilmore@example.org,63,55+,2024-01-27,Lake Chelseabury,Russian Federation
79,Lance,Smith,hdavis@example.com,22,18-24,2023-08-12,Lake Marilynfort,Venezuela
80,William,Hill,pbaird@example.com,20,18-24,2024-03-06,South James,Netherlands Antilles
81,Julie,Taylor,hillkristy@example.com,60,55+,2025-02-05,Sarahhaven,Ethiopia
82,Justin,Evans,cgrimes@example.net,32,25-34,2022-12-12,Reedside,Serbia
83,Nicholas,Cantu,tinaallen@example.com,67,55+,2025-04-01,Port Kimberly,Aruba
84,Julie,Thornton,qhughes@example.net,36,35-44,2024-04-16,South Tammie,Brunei Darussalam
85,Tammy,Rivera,sawyerscott@example.net,23,18-24,2025-01-27,Smithberg,Ireland
86,Tara,Jones,matthew61@example.com,72,55+,2025-09-21,Finleyfort,Tunisia
87,Barry,Jones,wendy16@example.org,32,25-34,2025-03-28,South Garrettport,United Kingdom
88,Brandon,Flynn,michael62@example.org,73,55+,2023-01-22,Knightburgh,Chile
89,Christian,Pitts,tyleraguilar@example.org,24,18-24,2023-09-06,Littlemouth,Equatorial Guinea
90,Albert,Ballard,erica21@example.com,42,35-44,2025-10-09,Vanessaport,Northern Mariana Islands
91,Hannah,Bryant,james67@example.org,35,35-44,2024-09-28,South Ashley,Morocco
92,Victoria,Phillips,khill@example.net,47,45-54,2024-03-12,New Julieport,Singapore
93,Catherine,Gomez,christinebyrd@example.net,58,55+,2023-12-01,Lake Colton,Niue
94,Benjamin,Kramer,rileyjessica@example.org,71,55+,2025-09-08,Markchester,China
95,David,Ryan,alyssa42@example.com,41,35-44,2023-10-16,Coffeyport,San Marino
96,Linda,Mcdonald,taylortammy@example.net,28,25-34,2024-05-18,Coffeyside,Haiti
97,Krystal,Smith,gibsonemily@example.net,41,35-44,2023-04-28,Brendastad,Botswana
98,Jesus,Johnson,rose31@example.net,40,35-44,2025-10-22,Blankenshipport,Pakistan
99,Darryl,Williams,torrestravis@example.org,31,25-34,2024-09-03,New Derek,Korea
100,Ellen,Paul,umatthews@example.org,60,55+,2024-07-07,Penafort,Nicaragua
101,Sheila,Ramirez,jeff73@example.com,35,35-44,2024-09-02,Lake Michaelstad,Bahamas
102,Joshua,Donaldson,ndavis@example.net,62,55+,2024-08-18,North Kristinbury,Brunei Darussalam
103,Jamie,Gallegos,brendali@example.org,61,55+,2025-05-04,Kimtown,Falkland Islands (Malvinas)
104,Vanessa,Fernandez,danieldelacruz@example.org,59,55+,2023-07-21,West Kristybury,Namibia
105,Alfred,Baker,judyfox@example.net,22,18-24,2024-04-24,South Shanestad,Malaysia
106,Daniel,Gordon,acostaregina@example.net,56,55+,2025-06-18,Stephentown,Bahamas
107,Melanie,Simmons,henryrenee@example.org,58,55+,2024-12-22,West Charleneland,Brunei Darussalam
108,Claudia,Richards,oscar98@example.com,28,25-34,2024-02-09,Wagnerchester,Bolivia
109,Danny,Pena,russellbeasley@example.com,52,45-54,2025-12-03,Mariafurt,Israel
110,Larry,Edwards,nicholas27@example.org,64,55+,2023-05-05,Port Christopherchester,Bhutan
111,Lisa,Hawkins,elizabeth65@example.net,33,25-34,2024-07-09,Parrishton,France
112,Larry,Garcia,ericolson@example.org,28,25-34,2025-06-28,Meganstad,Brazil
113,Audrey,Aguirre,lynchdiane@example.net,47,45-54,2024-02-14,Anthonyview,Reunion
114,Sandra,Bell,mollyknight@example.com,42,35-44,2024-04-01,East Joycetown,Bermuda
115,Jason,Barnes,eric45@example.net,35,35-44,2025-03-12,North Ericton,Peru
116,Joseph,Stanley,alawson@example.com,58,55+,2023-04-14,Port William,Guatemala
117,Daniel,Gregory,trose@example.org,62,55+,2024-10-06,South Tracey,Azerbaijan
118,James,Dougherty,kathrynroberts@example.org,53,45-54,2022-12-20,South Julieburgh,Bulgaria
119,Amanda,Hall,charles06@example.org,32,25-34,2024-07-21,Morsemouth,Morocco
120,Ashley,Mckinney,zroberts@example.org,61,55+,2024-10-05,Georgemouth,Switzerland
121,Samantha,Davis,sanchezbrianna@example.net,38,35-44,2025-11-14,South Monicamouth,Cyprus
122,Kimberly,Jones,schmidtjames@example.com,71,55+,2024-05-09,Jessicaberg,Dominica
123,Dwayne,Gonzalez,kathleenrios@example.org,67,55+,2023-05-17,Marshallshire,Senegal
124,Shane,Glass,michelle52@example.com,67,55+,2025-05-27,South Scottport,South Africa
125,Brittany,Bell,collinsshannon@example.org,21,18-24,2024-02-08,Marieland,Oman
126,Christina,Hunter,ycarpenter@example.net,32,25-34,2023-04-28,South Reginashire,Pakistan
127,Marc,Alvarez,susanhayes@example.com,70,55+,2023-09-27,New Debbieton,Egypt
128,Vickie,Warren,michaelhardin@example.com,20,18-24,2024-10-19,Schroederton,Somalia
129,Deborah,Jones,grantpaul@example.com,69,55+,2025-08-15,West Christopher,Panama
130,Sabrina,Collins,tanderson@example.org,38,35-44,2023-07-16,Angelicamouth,Suriname
131,Elizabeth,Calderon,lucasrodney@example.com,43,35-44,2023-06-25,West Kyleborough,Guam
132,James,Cooke,chrisrichard@example.org,35,35-44,2025-01-02,Lake Matthewberg,Nepal
133,Eric,White,jenniferwilliams@example.com,22,18-24,2024-07-16,South Cheryl,Sao Tome and Principe
134,Jesus,Allen,mmckee@example.com,31,25-34,2024-11-05,Murrayport,Slovakia (Slovak Republic)
135,Wesley,Barnes,lisasolis@example.org,54,45-54,2024-07-24,Brettfort,Tunisia
136,Angela,Garcia,mitchellkathryn@example.com,74,55+,2024-07-07,Whiteheadberg,Switzerland
137,Christopher,Lozano,bwilkerson@example.com,63,55+,2024-10-18,South Waynebury,Hungary
138,Nicholas,Johnson,combsdebra@example.org,38,35-44,2023-04-14,North Justin,Switzerland
139,Heather,Taylor,awest@example.org,31,25-34,2024-12-11,West Jasonberg,Mexico
140,Allison,Rodriguez,john10@example.org,59,55+,2025-07-11,Fowlermouth,Bahrain
141,Mary,Porter,chenbailey@example.net,49,45-54,2023-05-30,West Ruben,Nicaragua
142,John,Butler,millsmichael@example.net,43,35-44,2024-06-09,South Morganton,North Macedonia
143,Tina,King,kellycarlos@example.org,74,55+,2024-07-31,Port Bonniemouth,Burkina Faso
144,Michael,Morgan,mariacohen@example.net,59,55+,2023-02-15,Welchberg,Bahrain
145,Benjamin,Harris,ninastewart@example.com,47,45-54,2024-11-18,Haysside,Lebanon
146,Benjamin,Lucas,michael05@example.com,27,25-34,2024-01-06,Port Michealfurt,Samoa
147,Patricia,Hughes,tylerjimenez@example.net,34,25-34,2024-10-22,Lauriechester,Belgium
148,Carrie,Short,manuel15@example.net,26,25-34,2024-10-07,Kirkchester,Chad
149,Scott,West,christina64@example.net,33,25-34,2025-11-14,North Emilyfurt,Haiti
150,Laurie,Shelton,thomascathy@example.com,65,55+,2025-02-13,East Carlosstad,Guyana
151,Stacy,Johnson,erikarush@example.com,53,45-54,2024-07-25,Hinesshire,Burundi
152,Michael,Edwards,john10@example.net,52,45-54,2025-03-10,South April,United States Minor Outlying Islands
153,David,Hampton,nlewis@example.com,34,25-34,2025-04-29,Gonzalezberg,Timor-Leste
154,Shannon,Roach,zosborn@example.net,65,55+,2023-04-03,Elizabethland,Mexico
155,Kelly,Evans,jenniferho@example.net,55,55+,2025-03-30,Port Michael,Czech Republic
156,Tracie,Conner,kristyjohnson@example.net,45,45-54,2023-06-15,Tannerside,Bulgaria
157,Nicole,Jones,ukey@example.com,75,55+,2025-07-16,Hammondshire,Barbados
158,Teresa,Day,howens@example.com,55,55+,2023-06-21,Port Kimberly,Northern Mariana Islands
159,Hunter,Burch,dshaw@example.org,43,35-44,2025-06-09,West Fred,Gibraltar
160,Michael,Everett,meghan43@example.net,41,35-44,2023-11-24,Davidport,Nicaragua
161,Clarence,Davidson,georgeweber@example.net,32,25-34,2025-03-16,Meganshire,Armenia
162,Christopher,Fry,debra96@example.net,26,25-34,2023-01-22,South Pamelaside,French Guiana
163,Sue,Webb,eevans@example.net,50,45-54,2025-09-01,East Scottfort,Kyrgyz Republic
164,Matthew,Thomas,jessica56@example.org,49,45-54,2023-10-21,Zacharyville,Ghana
165,Steven,Adams,donaldwilliams@example.com,23,18-24,2023-12-19,Wrightburgh,Suriname
166,Sarah,Griffith,kathrynjimenez@example.net,66,55+,2024-04-30,Jimenezport,Luxembourg
167,Christopher,Long,nlevy@example.net,21,18-24,2023-01-14,Brandonport,Lithuania
168,Nicole,Pena,amitchell@example.org,73,55+,2025-06-24,Andersonview,Saint Lucia
169,Kathryn,Diaz,jwilliams@example.org,25,25-34,2024-06-29,Angelaland,Hungary
170,Shannon,Pierce,andersoncolin@example.com,27,25-34,2025-01-30,Angelastad,Saudi Arabia
171,James,Hicks,williamsderrick@example.com,58,55+,2023-07-21,Stoneberg,New Caledonia
172,Donald,Velazquez,francisco94@example.net,28,25-34,2025-02-16,Williamhaven,Martinique
173,Jeanne,Evans,richardsonemily@example.com,68,55+,2025-01-07,Lauratown,Nepal
174,Joseph,Rios,jennifersilva@example.org,61,55+,2024-12-15,Hernandezbury,Antigua and Barbuda
175,Stacy,Rodriguez,alexanderrobert@example.com,45,45-54,2025-05-16,South Warren,New Zealand
176,Monique,Fitzgerald,thorntonapril@example.net,56,55+,2024-12-10,Whitneyfort,Malta
177,Lee,Thompson,amy49@example.com,22,18-24,2024-07-16,East Joshua,French Southern Territories
178,Shelly,Hendrix,janet75@example.com,42,35-44,2023-11-23,Annview,France
179,Ashley,Daniels,xcardenas@example.org,42,35-44,2023-06-16,Bobbyland,Guatemala
180,Diana,Burgess,jamesryan@example.net,56,55+,2024-10-26,Derrickshire,Dominican Republic
181,Brent,Stein,danawilliams@example.com,47,45-54,2023-12-20,Jenniferville,Pitcairn Islands
182,Adam,Pierce,richarddonovan@example.com,51,45-54,2023-07-10,Santosport,Gibraltar
183,Debbie,Velez,pearsonjesse@example.net,34,25-34,2024-02-25,East Robertburgh,Vietnam
184,Wendy,Sanders,vlopez@example.com,53,45-54,2023-02-03,North Kennethville,Vanuatu
185,Justin,Hays,ismall@example.net,73,55+,2024-05-12,Nelsonville,Greenland
186,Jessica,Wong,alexisrogers@example.com,18,18-24,2023-08-18,East Cheryl,Northern Mariana Islands
187,Margaret,Robertson,moralescody@example.org,61,55+,2024-08-29,Morrisbury,Albania
188,Patrick,Griffin,stephanie49@example.net,64,55+,2024-01-18,West Desireebury,Bahamas
189,David,Parker,tparks@example.com,25,25-34,2025-10-11,Lake Sabrinaport,Heard Island and McDonald Islands
190,Jeffrey,Bernard,vhernandez@example.net,61,55+,2025-07-20,Robertside,United States Minor Outlying Islands
191,Katherine,Pham,kathleenbecker@example.net,74,55+,2024-12-09,New Seanstad,Belarus
192,Daniel,Poole,ashleyhernandez@example.com,52,45-54,2025-05-03,Wilsonborough,Saint Barthelemy
193,Tracy,Nolan,dstokes@example.org,66,55+,2025-06-01,Bryantton,Monaco
194,Emily,Parker,fosterlisa@example.net,35,35-44,2024-11-26,New Charles,Jamaica
195,Isabella,Weaver,michaelcesar@example.com,67,55+,2024-05-27,West Robertberg,Seychelles
196,Tiffany,Brewer,ybrooks@example.com,59,55+,2025-08-31,Bennettside,Burkina Faso
197,Michelle,Wilson,urice@example.org,39,35-44,2025-09-19,Port Andrewport,Kyrgyz Republic
198,Jennifer,Coleman,pmorrow@example.com,25,25-34,2025-10-20,Ericborough,Vietnam
199,Antonio,Keller,allencarlos@example.net,36,35-44,2023-06-02,South Carlaton,Ecuador
200,Richard,Young,karenparsons@example.org,45,45-54,2023-02-15,Jimshire,Ghana
201,Carla,Chambers,joel28@example.org,28,25-34,2025-05-24,Turnerton,Moldova
202,Nichole,Buck,dpeters@example.com,47,45-54,2025-06-15,Floydmouth,Qatar
203,Ricky,Evans,karenwells@example.org,18,18-24,2024-09-15,Meredithberg,Sri Lanka
204,Robin,Hart,igrant@example.com,64,55+,2024-11-27,West James,Oman
205,Sandra,Boone,nicholsmaria@example.org,74,55+,2023-04-10,Nicholaston,Tunisia
206,Jacob,Gill,timothybooth@example.com,64,55+,2023-04-01,Susantown,Croatia
207,Suzanne,Wilson,srocha@example.net,34,25-34,2023-09-30,South Rose,Micronesia
208,Kimberly,James,kyle58@example.com,50,45-54,2024-04-21,Garciafort,Senegal
209,Robin,Wood,owilliams@example.net,66,55+,2024-04-19,North Jose,Vietnam
210,Beth,Butler,jameshall@example.net,29,25-34,2025-06-03,South Andrea,Western Sahara
211,Matthew,Hines,plevy@example.net,50,45-54,2025-11-06,Murraystad,Chile
212,Jennifer,Freeman,warrenmary@example.org,24,18-24,2023-07-14,Port Adamberg,Tajikistan
213,Jesse,Mann,robinsonstephen@example.org,73,55+,2025-08-14,Hopkinstown,Albania
214,Andrea,Smith,amanda40@example.net,58,55+,2025-03-14,Drakeburgh,Botswana
215,Alice,Allen,lisa46@example.org,37,35-44,2023-05-07,Susanmouth,Mongolia
216,Veronica,Perez,valdezmichele@example.org,71,55+,2023-12-21,South Nicholasside,Lebanon
217,Dana,Warner,porterryan@example.com,58,55+,2023-03-06,New Samanthabury,Croatia
218,Paige,Alvarez,glassgabrielle@example.com,50,45-54,2025-11-18,East Sarahmouth,Andorra
219,Brenda,Goodwin,thickman@example.org,56,55+,2023-10-26,New Mary,Iceland
220,Peggy,Rivera,krystalnorris@example.org,30,25-34,2025-10-25,Brianchester,Djibouti
221,Matthew,Mack,unovak@example.org,27,25-34,2023-04-06,Kristenmouth,Liechtenstein
222,Michael,Pugh,llopez@example.net,41,35-44,2023-11-28,Millerport,South Georgia and the South Sandwich Islands
223,Jennifer,Miller,normanbowers@example.org,66,55+,2023-12-26,Stewartville,Bermuda
224,Sherry,Wallace,curtis12@example.com,28,25-34,2022-12-17,Hawkinshaven,Ireland
225,Anthony,Gomez,carlsonkristen@example.com,52,45-54,2023-05-18,West Robertland,Saint Kitts and Nevis
226,Rebecca,Spence,ginajackson@example.com,67,55+,2025-04-26,Josephberg,Bahrain
227,Ryan,Fisher,xpatton@example.com,51,45-54,2023-08-25,Lake Colleen,Nepal
228,James,Rodriguez,adam65@example.net,18,18-24,2025-07-23,Brockmouth,Kazakhstan
229,Ryan,Colon,kevinmorrison@example.net,56,55+,2024-05-11,South Leon,Indonesia
230,Kelly,Neal,yfaulkner@example.org,38,35-44,2024-04-17,Nicholasfurt,Haiti
231,Sarah,Gonzalez,erinpierce@example.net,49,45-54,2023-06-03,Hahnborough,Kazakhstan
232,Marie,Jones,ichambers@example.net,19,18-24,2024-03-05,Johnberg,Saint Barthelemy
233,Kristina,Jones,iaguilar@example.net,25,25-34,2024-09-26,Stephensstad,Reunion
234,Brittney,Rocha,mackdiane@example.com,41,35-44,2025-03-22,Lake Cheyenne,Mongolia
235,Erica,Ross,tammy61@example.org,74,55+,2025-09-06,West Jeffreyhaven,Moldova
236,Gwendolyn,Walker,peter98@example.org,71,55+,2025-05-28,Whitneyfort,Bosnia and Herzegovina
237,Robert,Nixon,guerrajessica@example.com,69,55+,2024-03-11,Matthewborough,Mali
238,Michael,Davis,tflores@example.org,37,35-44,2024-12-28,North Melindaville,Philippines
239,Sarah,Yang,andrearivera@example.com,33,25-34,2023-08-21,Hallfurt,Norfolk Island
240,Jacob,Sandoval,njohnson@example.org,21,18-24,2023-09-21,Vargasfurt,Albania
241,Jason,Ramirez,raylauren@example.net,33,25-34,2025-12-07,West Mark,Kuwait
242,Jose,Huffman,candice96@example.net,74,55+,2023-06-04,West Michaelmouth,Niger
243,Lisa,Mccarthy,samantha91@example.net,54,45-54,2023-09-03,West David,Gambia
244,Isaac,Steele,ibarnes@example.net,23,18-24,2023-06-08,Hendersonfort,North Macedonia
245,Heather,Brewer,angelaburns@example.org,23,18-24,2025-03-22,West Megan,Niger
246,Michelle,Crane,ytaylor@example.net,64,55+,2023-03-02,Ortizfort,Israel
247,Tracy,Miller,flynnjeffrey@example.org,49,45-54,2024-10-28,Jeffreyport,Chile
248,Ariel,Barton,hdunn@example.net,70,55+,2024-11-18,West Kimberlystad,Mauritius
249,Kathleen,Alexander,veronicagarcia@example.net,22,18-24,2023-02-11,West Nancy,Antigua and Barbuda
250,Jose,Atkins,gonzalesvictoria@example.org,66,55+,2024-11-06,Port Joan,Portugal
251,Michelle,Bishop,imartin@example.org,52,45-54,2024-06-05,Port Brian,Guernsey
252,Juan,Ryan,tiffany44@example.net,67,55+,2025-03-14,Stephaniehaven,United Arab Emirates
253,Lisa,Taylor,rsellers@example.net,26,25-34,2025-10-29,Lake Michelle,Egypt
254,Jennifer,Poole,kburns@example.net,26,25-34,2023-07-24,Courtneyfurt,Korea
255,Cynthia,Beard,powellkara@example.net,60,55+,2023-04-05,Shawnfort,Greece
256,Aaron,Schroeder,simonstephen@example.net,48,45-54,2025-05-31,Melissaside,Indonesia
257,Tammy,Summers,sadams@example.com,53,45-54,2023-11-12,New Melissa,Solomon Islands
258,Patricia,Farmer,garciakristen@example.com,28,25-34,2024-05-25,North Sarahburgh,Kazakhstan
259,Aaron,Rubio,wendyblankenship@example.net,34,25-34,2024-11-17,Erikview,Bermuda
260,Michael,Miller,brettgarrett@example.net,51,45-54,2025-09-20,South Diana,Romania
261,Aaron,Woods,brittneystone@example.com,73,55+,2023-05-05,North Heatherville,Tokelau
262,Heather,Woods,patrickcross@example.org,56,55+,2024-09-25,West Michaelport,Burundi
263,Kiara,Mullins,darlenebyrd@example.org,45,45-54,2024-07-25,New Debramouth,Guernsey
264,Courtney,Hernandez,cjensen@example.org,31,25-34,2023-11-04,North Donaldville,Namibia
265,Michael,Jordan,johnnewman@example.org,52,45-54,2024-07-27,Kimberlytown,Thailand
266,Nancy,Harris,juliephillips@example.org,66,55+,2025-09-26,South Paul,Dominican Republic
267,Danielle,Jones,hatfieldsarah@example.org,64,55+,2025-01-23,Valenciashire,Italy
268,Amy,Thompson,xbest@example.org,62,55+,2024-06-28,New Carlosview,Cuba
269,Sandra,Fry,ohunter@example.net,30,25-34,2023-02-08,Hendersonfurt,Belize
270,Amanda,Jensen,christopher18@example.org,63,55+,2025-08-30,New Mark,Namibia
271,Kathryn,Santos,collinssamuel@example.org,37,35-44,2025-08-20,East Christopherchester,Brazil
272,Cheryl,Brown,davidzimmerman@example.net,43,35-44,2024-11-12,East Tylerstad,Mali
273,Krista,Le,nathanbrady@example.com,60,55+,2025-02-19,Port Rachelmouth,Sri Lanka
274,Joseph,Brown,crawfordwilliam@example.org,59,55+,2024-10-05,Villarrealburgh,Heard Island and McDonald Islands
275,Jonathan,Garcia,perezwilliam@example.org,41,35-44,2023-08-10,East Brandonstad,Hungary
276,Harold,Horne,tranrobin@example.net,46,45-54,2023-07-30,Walkerbury,Israel
277,Joseph,Miller,david02@example.org,75,55+,2024-04-19,South Caseymouth,Tonga
278,Kiara,Collins,tranalan@example.org,51,45-54,2024-02-20,Anneport,Saint Vincent and the Grenadines
279,John,Richardson,xcuevas@example.org,46,45-54,2025-08-02,East Adam,Ireland
280,Jesse,Reed,tapiaaaron@example.net,25,25-34,2023-01-15,Sweeneyport,Bosnia and Herzegovina
281,Alyssa,Allen,jwoodward@example.net,33,25-34,2023-10-23,Christopherbury,Ukraine
282,Robert,Huang,fvillegas@example.net,32,25-34,2025-02-23,New Dennisfurt,Belarus
283,Ashley,Graham,joelgreen@example.com,22,18-24,2025-06-15,Haynesmouth,Ghana
284,Joseph,Jones,derekcarrillo@example.org,39,35-44,2024-11-11,North Frank,Lao People's Democratic Republic
285,Richard,Herrera,shannonford@example.org,19,18-24,2024-04-09,East Lindseyport,Sweden
286,Heidi,Williams,eddie35@example.com,55,55+,2025-12-07,Lake Kentburgh,Antarctica (the territory South of 60 deg S)
287,Melissa,Hawkins,codygarcia@example.org,53,45-54,2024-08-28,North Bryanbury,Bulgaria
288,Madison,Watson,aguilarjonathan@example.org,32,25-34,2023-10-12,North Jamesmouth,Sudan
289,Christopher,Boone,david70@example.org,55,55+,2023-06-27,Underwoodfurt,Luxembourg
290,Patrick,Simmons,jason24@example.com,32,25-34,2023-01-23,Stephensonton,Nicaragua
291,Christina,Holland,jjenkins@example.com,18,18-24,2025-07-27,North Joshuaberg,Italy
292,Dawn,Robles,crystalpham@example.org,22,18-24,2023-10-14,Caseystad,Lesotho
293,Kimberly,Cooper,paul20@example.com,63,55+,2025-04-02,North Paula,Slovakia (Slovak Republic)
294,Brian,Frey,katie32@example.org,58,55+,2024-02-18,Lake John,Martinique
295,Kathryn,Gould,lkelly@example.org,21,18-24,2023-03-05,New Louis,Saint Pierre and Miquelon
296,Michael,Vargas,stacey92@example.net,32,25-34,2025-11-26,Port Vanessa,Turkmenistan
297,Amber,Thompson,davisjesse@example.org,22,18-24,2025-01-11,New Timothymouth,United States Virgin Islands
298,James,Anderson,samantharichard@example.com,75,55+,2025-07-20,North Dylanberg,Singapore
299,Meghan,Valencia,brookssheri@example.com,20,18-24,2023-05-30,West Kevinberg,Cayman Islands
300,Latoya,Yu,grant89@example.com,73,55+,2024-10-17,Lake Brianna,China
301,Kurt,Barker,gregorysmith@example.net,39,35-44,2024-07-18,Rosalesshire,Antigua and Barbuda
302,Carrie,Mccall,daniellegarcia@example.com,22,18-24,2023-09-17,West Julie,Dominica
303,Toni,Jackson,underwoodelizabeth@example.net,50,45-54,2024-05-30,Seanview,Cote d'Ivoire
304,Heather,Bell,lebrandon@example.com,33,25-34,2023-12-31,Costachester,Lithuania
305,Michael,Bennett,kkramer@example.net,35,35-44,2024-07-19,East Shannon,South Georgia and the South Sandwich Islands
306,Kenneth,Flores,jonesgeorge@example.com,60,55+,2023-01-29,Lake Charles,Western Sahara
307,Matthew,Galloway,bbush@example.net,49,45-54,2023-05-02,New Pamela,Cayman Islands
308,Craig,Harris,robertspencer@example.net,31,25-34,2023-03-02,Donnaport,Dominica
309,Brandon,Armstrong,xhernandez@example.org,52,45-54,2023-05-07,Millerfort,Cook Islands
310,Anthony,Jackson,tiffany71@example.com,26,25-34,2023-05-08,Ruizview,Bermuda
311,Amy,Lopez,cwood@example.org,64,55+,2025-09-01,Scottview,Czech Republic
312,Anne,Hernandez,millermaurice@example.net,74,55+,2024-01-30,Arellanoshire,Denmark
313,Bruce,Hughes,rsheppard@example.com,54,45-54,2025-04-16,South Kent,Indonesia
314,Wayne,Lester,davidtodd@example.org,54,45-54,2023-01-31,East Lindsey,Brunei Darussalam
315,Rodney,Mcneil,oharris@example.org,48,45-54,2023-02-13,Luisland,Benin
316,Angela,Arnold,april09@example.net,33,25-34,2024-08-02,Rodriguezberg,Cameroon
317,Brianna,Chang,buckleyanna@example.org,68,55+,2025-05-07,Mikaylastad,Turkey
318,Joseph,Pena,rjohnson@example.com,48,45-54,2024-09-07,New Charlotte,Puerto Rico
319,Benjamin,Preston,hannah07@example.com,69,55+,2024-08-24,Andrewport,Georgia
320,Megan,Garrison,comptonjeremy@example.com,44,35-44,2024-02-17,Schroedermouth,Ethiopia
321,Cassidy,Davis,alewis@example.net,30,25-34,2024-09-16,Malonestad,Swaziland
322,Zachary,Moore,jenna62@example.net,24,18-24,2023-03-06,East Jamesborough,Taiwan
323,John,Bryant,janet45@example.com,24,18-24,2023-03-08,Reidville,Pitcairn Islands
324,John,Burns,ethompson@example.net,60,55+,2023-01-25,Maxview,San Marino
325,Christopher,Johnson,martinashley@example.org,45,45-54,2025-11-13,Lake Jeffrey,Costa Rica
326,Denise,Palmer,wellsdavid@example.org,40,35-44,2024-01-31,East Johnnyport,Rwanda
327,Joshua,Woodard,stephen37@example.com,45,45-54,2025-09-02,Silvatown,Malawi
328,Tammy,Franco,kenneth17@example.org,44,35-44,2025-10-02,Vanessamouth,Tokelau
329,Jose,Dawson,jacob83@example.org,47,45-54,2024-02-12,Guerreroberg,Saint Helena
330,Diana,Bright,rebecca66@example.net,73,55+,2023-01-17,New Jeanshire,Suriname
331,Matthew,Reeves,qknox@example.com,64,55+,2023-09-30,Meganside,Cocos (Keeling) Islands
332,Connor,Anderson,jessica82@example.net,21,18-24,2024-03-09,Destinybury,Guinea
333,Julie,Parker,nathan94@example.com,61,55+,2023-11-20,South Brianshire,Mozambique
334,Charles,Preston,dillonpatrick@example.com,59,55+,2025-07-30,Brownberg,Burundi
335,Matthew,Benitez,tthomas@example.org,59,55+,2023-10-16,South Marvinburgh,Germany
336,Brian,Hayes,kathleenjackson@example.org,24,18-24,2025-08-20,Gloverland,Bulgaria
337,Ryan,Jordan,ysanford@example.org,21,18-24,2025-07-20,New Jamesstad,Zambia
338,Patricia,Sherman,andrewsmith@example.net,43,35-44,2022-12-30,East Heather,Guatemala
339,David,Reyes,gary04@example.com,64,55+,2024-04-06,Lunahaven,Guadeloupe
340,Pamela,Cowan,wendy75@example.org,39,35-44,2024-10-12,Port Richard,Denmark
341,Jessica,Anderson,lawrencegary@example.com,69,55+,2023-11-22,South Nancyview,Sierra Leone
342,Cindy,Wheeler,stanleydesiree@example.org,73,55+,2025-03-18,Lake Darrellmouth,Hong Kong
343,Amy,Wells,jamiejennings@example.org,24,18-24,2023-06-18,Robertville,Panama
344,Joseph,Obrien,robertroach@example.net,33,25-34,2025-02-24,West Danielville,Luxembourg
345,Chelsea,Strickland,michaelortiz@example.org,30,25-34,2023-10-13,New Tylerborough,Portugal
346,Mark,Smith,meadowsmary@example.net,30,25-34,2024-12-24,Hernandezland,Slovakia (Slovak Republic)
347,Charles,Cummings,dawn74@example.com,52,45-54,2025-02-10,Williamsburgh,Tunisia
348,Melissa,Ward,ronald11@example.org,46,45-54,2023-02-08,Port Devonburgh,Greenland
349,Patricia,Friedman,natalie15@example.com,26,25-34,2024-06-16,North Richard,Korea
350,Mary,Vaughn,pmarsh@example.org,45,45-54,2024-02-04,East Heatherton,Western Sahara
351,Dale,Pruitt,rpham@example.com,29,25-34,2023-08-13,New Noah,Guinea-Bissau
352,Anthony,Cohen,timothyfreeman@example.com,35,35-44,2025-07-15,Williamsview,Palau
353,Alexander,Oneill,tiffanysantiago@example.com,47,45-54,2024-04-10,South Dorothybury,Liberia
354,Elizabeth,Davidson,marygrant@example.net,33,25-34,2024-05-29,North Dawnburgh,Madagascar
355,Melissa,Booth,waltonmalik@example.com,73,55+,2024-12-07,Brentbury,Mexico
356,Nicholas,Montoya,stevenslaurie@example.com,22,18-24,2025-09-03,Port Vernonmouth,British Indian Ocean Territory (Chagos Archipelago)
357,Julie,Smith,jgutierrez@example.net,46,45-54,2025-01-19,Port Christopherport,Tuvalu
358,Anna,Pena,xclements@example.org,69,55+,2025-02-05,Port Shawn,Monaco
359,Carol,Moran,jennifer11@example.net,73,55+,2025-07-28,North Matthew,Switzerland
360,Tamara,Carter,jacqueline02@example.com,72,55+,2025-08-19,Port Jennifer,Saint Helena
361,Daniel,Carr,davidphelps@example.org,53,45-54,2024-09-04,Summersborough,Saint Barthelemy
362,Daniel,Perry,bartonshannon@example.net,24,18-24,2024-05-16,South Adam,Saint Pierre and Miquelon
363,Angela,Reynolds,xglass@example.org,21,18-24,2023-02-22,Lake Lisa,Bosnia and Herzegovina
364,Diane,Obrien,william66@example.net,59,55+,2024-08-01,West Raymond,Guam
365,Shawn,Anderson,vmorrison@example.net,52,45-54,2024-03-09,Meganside,Tokelau
366,Jennifer,Walls,jamesweber@example.com,71,55+,2024-04-09,Samanthaberg,Russian Federation
367,Theresa,Thompson,jennifer58@example.com,18,18-24,2025-09-13,Craigside,France
368,Lindsey,Mills,jamesbrian@example.org,23,18-24,2024-09-25,West Karen,Central African Republic
369,Frances,Thomas,vaughnkenneth@example.net,66,55+,2024-02-27,West Lisaville,Nicaragua
370,Jodi,Hancock,yyoung@example.net,72,55+,2025-10-23,Heatherton,Vanuatu
371,Paul,Frye,tammy00@example.net,33,25-34,2024-07-23,Jamesmouth,Switzerland
372,Rhonda,Bush,kari89@example.org,28,25-34,2023-11-24,West Shane,Pitcairn Islands
373,Jacob,Thompson,bennettroy@example.net,44,35-44,2023-04-03,Davidshire,Tanzania
374,Adam,Owens,billmcfarland@example.net,49,45-54,2024-01-09,Port Sarahport,Liechtenstein
375,Andrea,Jones,alicia28@example.org,48,45-54,2025-05-16,South Amy,Iraq
376,Michael,Ware,mark43@example.net,31,25-34,2023-04-30,Barajastown,Brazil
377,Michael,Allen,susanfleming@example.com,73,55+,2025-10-13,Moonville,Hungary
378,Amber,Campbell,willie87@example.com,43,35-44,2024-01-11,West Rachelborough,Gibraltar
379,Christopher,Davis,simsjason@example.net,75,55+,2025-02-14,Port Gina,Syrian Arab Republic
380,Jamie,Poole,elucas@example.net,21,18-24,2023-05-19,North Stephen,Greenland
381,Christopher,Brown,angela93@example.com,28,25-34,2023-02-05,Hughesfurt,Jersey
382,Andre,Nunez,maychristine@example.net,42,35-44,2024-04-13,Lake Melaniestad,Vanuatu
383,Daniel,Buchanan,catherine47@example.com,18,18-24,2025-01-28,Shorttown,Lebanon
384,Amanda,Taylor,irobles@example.com,42,35-44,2023-08-08,West Erica,United States Virgin Islands
385,Nathan,Herring,davidsmith@example.net,34,25-34,2025-09-10,Medinaland,Gambia
386,Kaitlin,Berger,jason82@example.org,68,55+,2023-10-31,East Christina,El Salvador
387,Danny,Lambert,yorksarah@example.net,68,55+,2023-10-06,Newmanland,French Guiana
388,Carlos,Garcia,wlynn@example.org,47,45-54,2025-10-17,North Justin,Bangladesh
389,Louis,Hayes,heather29@example.net,36,35-44,2023-10-05,Lindseychester,Chile
390,Lawrence,Floyd,xhill@example.org,45,45-54,2022-12-16,Nataliemouth,Kiribati
391,Kim,Tucker,thompsoncatherine@example.com,62,55+,2024-06-18,New James,Saint Martin
392,Charles,Jones,atkinsoncrystal@example.net,64,55+,2025-08-08,Hammondborough,United States of America
393,Andrea,Stephens,jvaldez@example.com,68,55+,2023-02-03,Walkershire,Saint Martin
394,Dennis,Mason,sanderswayne@example.net,53,45-54,2024-03-05,Port Tamara,Nicaragua
395,Gabriel,Palmer,kmoore@example.net,60,55+,2025-11-05,Lake Jessica,Wallis and Futuna
396,Billy,Juarez,bryanwood@example.org,63,55+,2024-06-18,New Rebecca,Guyana
397,Terry,Gibson,williamsdeborah@example.org,49,45-54,2024-08-02,Maryview,Mozambique
398,Ashley,Bennett,pdiaz@example.org,27,25-34,2025-04-02,Nicholasbury,Maldives
399,Michael,Parrish,msparks@example.org,30,25-34,2024-08-30,South Gabriel,Belarus
400,Dawn,Lewis,ericguzman@example.org,36,35-44,2025-02-15,South Lisa,Saint Helena
401,Timothy,Mendoza,brittanyholland@example.com,31,25-34,2023-06-03,East Bradleyshire,Nauru
402,Dennis,Hunt,brianscott@example.org,21,18-24,2023-08-16,Greeneshire,Northern Mariana Islands
403,Natalie,Luna,stacey37@example.net,55,55+,2023-01-06,Dillonburgh,Cyprus
404,Carolyn,Norton,cindydixon@example.org,65,55+,2024-09-07,Sandrashire,Bangladesh
405,Nicholas,Anderson,harrismichele@example.net,52,45-54,2023-12-01,Serranoville,Christmas Island
406,Rachel,Greene,davisdonna@example.net,21,18-24,2024-12-17,Port Erikachester,Mali
407,Mitchell,Williams,zperez@example.com,65,55+,2024-09-22,Bellshire,Bolivia
408,Dennis,Woods,reneemiller@example.net,38,35-44,2024-09-29,Scotttown,Russian Federation
409,Becky,Wilson,brooksjamie@example.com,21,18-24,2022-12-20,Coxberg,Japan
410,Brenda,Green,ncunningham@example.com,21,18-24,2025-09-16,Fischerchester,Micronesia
411,Timothy,Wood,tking@example.net,55,55+,2025-04-23,Kimfurt,Saint Pierre and Miquelon
412,Melissa,Hopkins,seanlyons@example.org,48,45-54,2023-07-11,East Williammouth,Spain
413,Christina,Cohen,martintamara@example.org,50,45-54,2025-04-12,Port Dustinchester,Benin
414,Jose,Wood,ramseysarah@example.com,72,55+,2023-03-18,Jenniferton,Yemen
415,Danielle,Gonzales,melissagalvan@example.net,51,45-54,2023-09-07,Jameshaven,Maldives
416,Jesse,Jackson,warddiana@example.org,28,25-34,2025-11-28,West Kimberlystad,Paraguay
417,Richard,Gonzalez,mclaughlincasey@example.org,21,18-24,2024-08-13,Jessicaside,United States Virgin Islands
418,Michael,Richmond,jeremy37@example.com,50,45-54,2025-06-01,West Gregoryhaven,Botswana
419,Charles,Phillips,prattsue@example.net,23,18-24,2025-04-24,Heatherfurt,Mongolia
420,Kayla,Todd,lmaldonado@example.org,72,55+,2024-12-29,Wilsonland,Hong Kong
421,Kristina,Robinson,laurengutierrez@example.com,29,25-34,2025-08-19,Lake Marilynbury,France
422,Raymond,Goodman,charles27@example.com,22,18-24,2023-05-02,Jefferyshire,Ethiopia
423,Stacey,Vega,victorgonzalez@example.net,56,55+,2023-09-18,Port Joseph,Denmark
424,Mary,Huff,eric11@example.org,22,18-24,2023-10-19,Austinside,Armenia
425,Nathan,Stewart,travis84@example.com,61,55+,2024-12-27,Port Barbara,Austria
426,Lauren,Mendoza,shawphillip@example.net,73,55+,2025-03-04,South Tiffany,Qatar
427,Steve,Norris,craignicolas@example.org,33,25-34,2025-02-21,Michaelview,Colombia
428,Jose,Adams,michael76@example.org,43,35-44,2025-04-09,Haynesstad,Haiti
429,Joshua,White,tiffanyparks@example.org,25,25-34,2024-08-22,Lindaside,Jersey
430,James,Marsh,thomassmith@example.com,74,55+,2024-07-22,Taylorhaven,Martinique
431,Kristen,Evans,rosshannah@example.org,54,45-54,2024-04-12,Port Jonathan,Taiwan
432,Cole,Garner,michael88@example.com,33,25-34,2025-08-13,Andrewville,Guernsey
433,Sylvia,Gonzalez,tiffanymitchell@example.com,55,55+,2025-10-29,Hamptonmouth,Tuvalu
434,Patrick,Mitchell,mirandadavidson@example.com,56,55+,2023-04-09,Welchshire,Iraq
435,Christian,Cooper,logan44@example.net,20,18-24,2023-03-29,Nelsonmouth,Slovakia (Slovak Republic)
436,Julie,Meyer,lgutierrez@example.org,57,55+,2024-06-25,Lake Jimmy,El Salvador
437,Kara,Clark,egarcia@example.com,23,18-24,2025-12-01,North Kellihaven,Serbia
438,Dalton,Montgomery,penanicole@example.com,44,35-44,2023-04-17,East Joan,Kenya
439,David,Rose,anthonyalvarado@example.com,60,55+,2025-08-08,Mcdonaldside,Vietnam
440,Amy,Taylor,brittanybryant@example.net,55,55+,2024-02-05,Millsside,Georgia
441,Timothy,Perez,ramosmichael@example.com,54,45-54,2024-05-31,West Alex,Mali
442,Maurice,Harrison,wattstravis@example.com,51,45-54,2023-07-08,Albertchester,South Georgia and the South Sandwich Islands
443,Carla,Robles,jacob86@example.com,38,35-44,2024-03-08,East Jennifer,Oman
444,Maria,Walker,hendersonjohn@example.net,34,25-34,2024-08-05,Justinside,Sudan
445,Robert,Castaneda,derrickrodriguez@example.com,31,25-34,2024-01-30,Nelsonfort,Comoros
446,Andrew,Williams,lopezcurtis@example.com,60,55+,2024-04-20,Lake Samuel,Algeria
447,Christopher,Smith,matthewcollins@example.com,63,55+,2023-12-05,Steventon,Greenland
448,Megan,Lynn,adamsphilip@example.net,38,35-44,2023-04-12,Whiteview,Svalbard & Jan Mayen Islands
449,Maria,Martinez,paulproctor@example.org,33,25-34,2024-07-23,East Stevenville,Mali
450,Tina,Kennedy,sharon20@example.net,34,25-34,2025-10-08,West Timothyport,Congo
451,Paige,Boyer,teresayoung@example.com,43,35-44,2024-06-20,Alexisview,Myanmar
452,Randy,Sanchez,perkinshannah@example.net,26,25-34,2023-06-12,West Kelli,Egypt
453,Vincent,Parks,sarah00@example.com,60,55+,2023-08-10,Lake Amanda,Botswana
454,Tony,Stewart,linda73@example.org,59,55+,2023-06-22,Howardberg,El Salvador
455,Todd,Kim,amy73@example.net,37,35-44,2023-02-08,New Michael,Saint Martin
456,Joshua,Guerra,caseymoore@example.com,47,45-54,2024-12-05,Ambermouth,Afghanistan
457,William,Gross,harveymichael@example.net,38,35-44,2025-08-26,West Jennifer,Palestinian Territory
458,Lori,Lee,jcannon@example.net,66,55+,2025-03-25,Marcusmouth,Bouvet Island (Bouvetoya)
459,Alexandra,Jones,gregoryjohnson@example.org,22,18-24,2023-05-07,Leeton,Montserrat
460,Mary,Barrett,brandon39@example.net,18,18-24,2025-08-31,North Sarahborough,Palau
461,Sarah,Collier,dowen@example.com,47,45-54,2025-01-10,Shortton,Swaziland
462,Joseph,Williams,davenportchristian@example.org,57,55+,2025-07-24,North Jessicaside,Hungary
463,James,Sandoval,angelagrant@example.net,54,45-54,2023-09-29,Port Daniellestad,Peru
464,Jacqueline,Simmons,jacksonhenry@example.com,24,18-24,2024-11-20,Dianeside,Netherlands Antilles
465,Sarah,Orr,megan66@example.net,22,18-24,2024-10-27,Charleneshire,Mayotte
466,Nicholas,Pierce,michael77@example.com,52,45-54,2023-11-06,Lake Austinport,Nepal
467,Zachary,Holder,adam33@example.com,31,25-34,2023-01-03,Port Lynnview,Uruguay
468,William,Duncan,clintonstevens@example.org,50,45-54,2025-04-17,West Michael,Myanmar
469,Jesse,Shepherd,duncanashley@example.org,34,25-34,2024-01-01,Lake Markfort,China
470,Margaret,Norris,larsonkevin@example.net,26,25-34,2025-01-05,Millerton,Uruguay
471,Michael,Montoya,hconrad@example.org,40,35-44,2024-05-11,Lake Kimberlyfurt,Austria
472,Alice,Flores,markwolfe@example.org,74,55+,2024-03-26,Lake Jessicafurt,Kiribati
473,Barbara,Davis,zroberts@example.org,22,18-24,2025-06-20,West Christopher,Montserrat
474,Amy,Baker,xshaw@example.net,74,55+,2023-02-23,Port Dennis,Monaco
475,Tony,Pearson,annshea@example.net,33,25-34,2023-10-12,East Charles,Singapore
476,Marcus,Glass,rodriguezrobert@example.com,41,35-44,2024-10-07,Jamesstad,Nepal
477,Andrew,Torres,christina79@example.org,36,35-44,2025-09-22,Williamsbury,Cook Islands
478,Nathaniel,Todd,rodriguezbrian@example.net,28,25-34,2025-11-07,Port Marissa,France
479,Matthew,Brock,shannon05@example.org,46,45-54,2022-12-30,East Amy,Sao Tome and Principe
480,Ana,Dean,heatherbarnett@example.com,71,55+,2024-01-14,West Georgeport,Cook Islands
481,Christine,Brown,jonesdonna@example.net,52,45-54,2025-11-25,Michelletown,French Guiana
482,Paul,Whitney,mckeetodd@example.net,63,55+,2025-09-12,East Jamesmouth,Monaco
483,Bernard,Nielsen,matthew62@example.org,37,35-44,2023-01-11,Gabriellestad,Niue
484,Joel,Good,lisa46@example.org,57,55+,2024-03-22,Jeremiahmouth,Ukraine
485,Diane,Miller,rmeyer@example.net,69,55+,2024-08-10,South John,Cape Verde
486,Tara,Browning,shane23@example.net,59,55+,2024-10-01,New Amber,South Georgia and the South Sandwich Islands
487,Michelle,Parker,russellstout@example.org,51,45-54,2023-10-19,West Carlos,Martinique
488,Jack,Franco,jessicacannon@example.com,18,18-24,2023-06-10,Turnerview,Canada
489,Daniel,Lopez,catherine93@example.net,60,55+,2023-09-26,East Grace,Guinea-Bissau
490,Hailey,Woods,xjoseph@example.org,70,55+,2023-04-11,Henryberg,Central African Republic
491,Jeremy,Ortiz,schaeferstephanie@example.org,53,45-54,2023-10-05,Port James,Christmas Island
492,Michelle,Burns,michelle36@example.com,37,35-44,2024-10-21,New Jillfurt,Saint Helena
493,Phillip,Crosby,meyershannon@example.org,60,55+,2024-04-08,New Amanda,Saint Pierre and Miquelon
494,Angela,Black,leescott@example.com,24,18-24,2023-02-07,Stevenchester,French Polynesia
495,Samantha,Vaughn,stevenlucas@example.org,74,55+,2025-07-18,East Kimberlyside,Burkina Faso
496,Robert,Hayes,shawnmosley@example.org,26,25-34,2024-08-10,Davismouth,Puerto Rico
497,Rebecca,Hogan,davisjasmin@example.net,34,25-34,2025-09-11,Christopherfurt,Saint Lucia
498,Cheryl,Moore,kwilliams@example.com,25,25-34,2025-02-10,East Misty,Christmas Island
499,Robert,Collins,lroberts@example.org,74,55+,2023-02-26,East Adam,Serbia
500,Alexander,Jimenez,astephens@example.net,24,18-24,2024-01-06,Youngshire,Palestinian Territory
501,Shawn,Ramos,sanchezamy@example.net,65,55+,2024-12-16,North Jack,Azerbaijan
502,Michael,Thomas,estradamary@example.com,53,45-54,2025-09-18,Samanthaton,Botswana
503,Victoria,Martin,cheryl99@example.net,27,25-34,2024-09-16,South Kara,Guyana
504,Christopher,Evans,priscilla16@example.net,35,35-44,2023-02-02,West Thomasville,Puerto Rico
505,Mark,Gutierrez,heathersalazar@example.org,36,35-44,2024-02-08,South Jenniferport,Japan
506,Melanie,Green,sara99@example.com,56,55+,2025-07-11,Vasquezburgh,Turks and Caicos Islands
507,Jesse,Roberts,aaronjohnson@example.net,31,25-34,2025-07-12,Lake Melaniechester,Isle of Man
508,Matthew,Castro,alexharris@example.com,63,55+,2023-02-17,Kristyport,French Southern Territories
509,Andrea,Wang,jenningsmatthew@example.net,39,35-44,2025-02-03,Port Gregorymouth,Syrian Arab Republic
510,Sandra,Mendoza,probles@example.org,31,25-34,2024-05-16,Mooremouth,Uganda
511,Paula,Ford,dreilly@example.net,61,55+,2025-03-22,Annettemouth,Moldova
512,Andrew,Ray,lauren51@example.org,58,55+,2025-03-20,Marymouth,Honduras
513,Amanda,Martin,hlopez@example.com,72,55+,2025-08-08,Jenniferview,Isle of Man
514,Tyler,Young,tgallegos@example.org,34,25-34,2023-04-22,Gregorystad,Slovenia
515,Kimberly,Gentry,zhunter@example.com,50,45-54,2023-02-05,East Matthew,Liberia
516,Lance,Murphy,shortsharon@example.net,49,45-54,2025-03-01,East Jenny,Kuwait
517,Jennifer,Boyd,collinsbradley@example.net,34,25-34,2024-08-02,West Steventon,Bosnia and Herzegovina
518,Katie,Reese,lanelarry@example.org,75,55+,2025-02-24,Jamesport,Falkland Islands (Malvinas)
519,Luis,Alexander,nelsoneric@example.org,72,55+,2025-03-14,New Anitaville,Costa Rica
520,Michael,Flores,sherrybrock@example.net,21,18-24,2025-03-30,East Charles,New Zealand
521,Amber,Williams,ruizemma@example.org,23,18-24,2024-05-18,Brownchester,India
522,Janet,Vance,tjensen@example.com,58,55+,2023-09-13,Lake Katherine,Sudan
523,Christian,Livingston,fbradley@example.net,45,45-54,2025-03-16,Davisport,Poland
524,Jennifer,Marshall,staceythomas@example.net,71,55+,2025-09-05,Robertafurt,Cocos (Keeling) Islands
525,Samantha,Rivera,shawn01@example.com,35,35-44,2025-11-29,West Timothyburgh,Finland
526,Cassandra,Anderson,sullivanjennifer@example.org,20,18-24,2024-06-02,Angelaland,Somalia
527,Amanda,Morales,pallen@example.net,18,18-24,2024-03-22,South Patrick,Guam
528,Lisa,Garza,vbradley@example.net,39,35-44,2023-10-28,East Elaine,Belarus
529,Mary,Wilson,gnguyen@example.com,67,55+,2025-05-18,West Stephanie,Bangladesh
530,Daniel,Cervantes,pmurphy@example.net,26,25-34,2025-06-25,North Jeffberg,Tuvalu
531,Rebecca,Fields,shermandonna@example.com,58,55+,2025-05-29,Petershire,Kiribati
532,Jamie,Rich,ashley46@example.net,34,25-34,2023-10-08,Veronicashire,Algeria
533,Valerie,Powell,melissabrown@example.net,28,25-34,2025-07-15,North Jacquelinestad,Bouvet Island (Bouvetoya)
534,Michelle,Young,tgarrett@example.com,65,55+,2024-02-20,Jamesside,Croatia
535,Glenn,Taylor,xbridges@example.com,46,45-54,2025-10-03,West Whitney,Paraguay
536,Dennis,Jones,thomasnicole@example.net,53,45-54,2023-06-22,Proctorberg,Belize
537,Dawn,Perry,senglish@example.net,63,55+,2023-07-10,Hansonmouth,Malawi
538,Andrea,Cole,jeremiah69@example.org,45,45-54,2024-09-27,Bradfordbury,Rwanda
539,Joseph,House,arthur09@example.com,53,45-54,2025-01-26,Danielfort,Portugal
540,Douglas,Simon,steven18@example.net,18,18-24,2023-04-12,East Thomasland,Poland
541,Amber,Riley,bergeramanda@example.org,25,25-34,2025-08-19,Gibsonfort,Montserrat
542,Robert,Yu,keith09@example.net,22,18-24,2024-05-06,Jessicashire,Eritrea
543,Crystal,Lane,douglaskelly@example.net,74,55+,2023-03-14,West Toddberg,Madagascar
544,Melissa,Ramirez,christinahill@example.com,62,55+,2023-04-07,Lake Danielburgh,United States of America
545,Joanne,Hopkins,lindsey43@example.com,75,55+,2025-06-15,Port Alison,Antigua and Barbuda
546,Tracey,Coffey,marymullins@example.com,27,25-34,2024-05-24,Youngmouth,Saint Kitts and Nevis
547,Gary,Lane,brian41@example.org,52,45-54,2025-08-25,South Raymond,Gabon
548,Julie,Goodwin,noahthornton@example.com,20,18-24,2024-12-17,Dustinchester,American Samoa
549,Sara,Cole,suzanne01@example.net,71,55+,2024-03-01,Stephaniechester,New Zealand
550,Michele,Rogers,leah49@example.com,41,35-44,2025-09-16,Mejiabury,Saint Martin
551,Brianna,Lee,erica25@example.net,55,55+,2025-10-17,Lake Alanland,American Samoa
552,Connor,Garcia,ubell@example.com,53,45-54,2024-09-07,Jamestown,Niger
553,Brian,Wheeler,stephanielittle@example.net,27,25-34,2023-04-30,North Melissaberg,Honduras
554,Kathryn,Wong,pauladominguez@example.com,45,45-54,2025-09-23,Stevenland,Northern Mariana Islands
555,Sandra,Hill,qschwartz@example.com,26,25-34,2024-11-12,Fernandoland,Falkland Islands (Malvinas)
556,Patrick,Cook,scottlisa@example.org,20,18-24,2023-03-15,Jonesborough,New Zealand
557,Gregory,Vasquez,amberreynolds@example.net,37,35-44,2024-08-09,South Jenniferville,Antigua and Barbuda
558,Chad,Luna,fsmith@example.org,41,35-44,2023-04-01,North Elizabethview,Canada
559,Mark,Myers,robertsonshelby@example.com,75,55+,2025-11-30,Grahamland,Mauritius
560,Aaron,Finley,imartinez@example.com,68,55+,2023-11-24,Evelynfurt,Azerbaijan
561,Wendy,Holland,amanda51@example.com,73,55+,2025-08-17,Deborahburgh,Micronesia
562,Tammy,Guerrero,heather15@example.com,20,18-24,2023-02-08,Lake Samuelborough,Burundi
563,James,Cortez,tracybrown@example.net,75,55+,2023-02-02,Victormouth,Andorra
564,Matthew,Morgan,sullivanjason@example.net,40,35-44,2023-02-04,Bentleyside,Canada
565,Jesse,Jones,tracysmith@example.net,31,25-34,2025-05-26,East Jacquelineberg,American Samoa
566,Cynthia,Conway,bryantgeorge@example.net,61,55+,2023-09-02,Port Lisaville,Luxembourg
567,Lauren,Walker,ronaldcain@example.net,33,25-34,2025-06-20,Nguyenshire,Mayotte
568,Marc,Oconnell,kathrynwatkins@example.com,60,55+,2023-07-10,North Joshuachester,Chile
569,Mitchell,Martin,sarawilliams@example.org,24,18-24,2025-11-24,Stricklandtown,Turkmenistan
570,Christopher,Smith,mannbrittney@example.com,40,35-44,2025-01-03,Steelefort,Puerto Rico
571,Jamie,Bowman,ljenkins@example.net,67,55+,2023-06-24,New Hectorfort,New Zealand
572,Courtney,Patton,robert83@example.org,53,45-54,2023-04-24,New Tiffanystad,Tokelau
573,William,Marshall,joshualee@example.org,74,55+,2025-03-26,Jimenezburgh,Paraguay
574,Brian,Diaz,ryancook@example.com,73,55+,2023-02-13,North Joyside,Christmas Island
575,Kristen,Washington,jonesjoe@example.com,44,35-44,2023-08-11,Robertmouth,Denmark
576,Mark,Garcia,ykane@example.org,57,55+,2023-05-29,South Brendaton,Tuvalu
577,Dustin,Reilly,xthompson@example.org,65,55+,2024-10-16,Cortezstad,Faroe Islands
578,Matthew,Johnson,ramirezdaniel@example.com,27,25-34,2023-10-19,Barnesmouth,Cyprus
579,Cassandra,Clarke,belindatran@example.org,33,25-34,2024-03-11,South Melodyfort,Tokelau
580,Brittany,Hood,alexis63@example.org,73,55+,2023-11-10,Ryanbury,Uganda
581,Sophia,Mcintyre,butlerbradley@example.com,28,25-34,2025-06-15,South Amandafort,Sudan
582,Lori,Chavez,christophermullins@example.net,69,55+,2025-11-25,Dodsonberg,Guinea-Bissau
583,John,Duarte,castillokevin@example.net,69,55+,2024-03-12,Hodgeshire,Anguilla
584,Steven,Taylor,xlopez@example.net,29,25-34,2024-11-14,Padillatown,Tokelau
585,Chad,Barry,alyssa46@example.com,74,55+,2025-08-09,Port Gail,Niger
586,Jill,Brown,pamela16@example.com,44,35-44,2024-05-13,Harveystad,Haiti
587,Deborah,Bush,devonrogers@example.net,19,18-24,2023-09-07,Lake Timothyshire,Tunisia
588,Jason,Mcgee,lukehurst@example.net,29,25-34,2025-12-04,Ramirezland,Holy See (Vatican City State)
589,Shaun,Mason,harrisonamanda@example.net,65,55+,2024-05-28,Shannonstad,South Georgia and the South Sandwich Islands
590,Sierra,Lamb,lopeznicole@example.org,39,35-44,2025-10-19,South Rachaelport,Zimbabwe
591,Daniel,Hill,tylergolden@example.net,68,55+,2023-04-07,West Robertside,Venezuela
592,Thomas,Fisher,carterbryan@example.org,44,35-44,2023-07-02,Robertmouth,Palau
593,Kristin,Tucker,kellis@example.org,69,55+,2025-09-07,Georgeview,Denmark
594,Nathan,Roberts,hernandezjustin@example.org,60,55+,2024-12-30,Lake Amanda,Cocos (Keeling) Islands
595,Mary,Schwartz,evanwilson@example.com,73,55+,2023-09-07,South Jorge,Colombia
596,Anna,Johnson,tiffany25@example.com,65,55+,2023-10-23,New Kevin,Uruguay
597,Richard,Porter,staciereilly@example.org,69,55+,2023-01-16,Lake Amyhaven,Greenland
598,Janice,Wells,tara92@example.net,33,25-34,2025-09-09,Morganville,Saint Martin
599,Rachel,Taylor,parkerrichard@example.org,35,35-44,2024-12-22,Howardmouth,Azerbaijan
600,Danielle,Silva,kimberlywang@example.org,28,25-34,2025-07-10,North Amandamouth,Philippines
601,Susan,Daugherty,ulee@example.net,68,55+,2025-10-17,Lake Michaelberg,Saint Barthelemy
602,Mike,Watson,michael47@example.net,62,55+,2024-10-03,East Jessicamouth,Saint Vincent and the Grenadines
603,Linda,Roberts,achandler@example.org,24,18-24,2024-09-14,East Jaredfort,Trinidad and Tobago
604,Valerie,Jones,adavis@example.net,42,35-44,2025-03-04,Robertside,Kyrgyz Republic
605,Karina,Taylor,marisaroberts@example.com,73,55+,2025-05-09,Port Margaretshire,Gabon
606,Anita,Ford,moodyeric@example.com,20,18-24,2025-01-14,Martinezport,Israel
607,Travis,Watts,anthonyhubbard@example.com,72,55+,2023-09-13,New Julieshire,Liberia
608,Ryan,Scott,hmccann@example.com,48,45-54,2025-05-05,Port Jordanshire,Azerbaijan
609,Luis,Johns,michaelbrown@example.com,32,25-34,2023-07-24,Fieldsstad,Australia
610,Kelly,Fowler,palmerkatie@example.org,30,25-34,2024-03-03,New Karenside,Gibraltar
611,Margaret,Cohen,joseph51@example.net,70,55+,2024-04-13,Madelinetown,Burundi
612,Juan,Maxwell,kpeterson@example.org,47,45-54,2025-02-20,East Wesley,Switzerland
613,Laura,Hansen,butlersabrina@example.org,40,35-44,2023-09-27,North Timothy,Georgia
614,Michael,Montoya,gerald40@example.net,37,35-44,2025-11-16,East Davidberg,Portugal
615,Kyle,Clark,colemankathryn@example.org,70,55+,2023-11-25,North Kimchester,Armenia
616,Daniel,Mcguire,harrisonrebekah@example.org,68,55+,2023-10-10,West Elizabethville,Slovenia
617,Samantha,Harris,jackbell@example.org,73,55+,2023-06-19,Port Julie,Fiji
618,Michael,Martin,williamjones@example.net,32,25-34,2025-05-27,New Jayborough,Finland
619,Rachel,Medina,glasssamantha@example.net,32,25-34,2023-09-01,Richardsonshire,Colombia
620,Emily,Rodriguez,tina63@example.net,19,18-24,2024-10-21,South Daniel,Germany
621,Steven,Stone,tfarmer@example.com,60,55+,2023-06-19,North Markville,Hungary
622,Stephen,Fitzgerald,aperez@example.com,30,25-34,2024-02-22,Lopezland,Ukraine
623,Sheila,Richardson,lutztravis@example.org,43,35-44,2024-12-16,Kimland,British Indian Ocean Territory (Chagos Archipelago)
624,Ralph,Neal,figueroapatricia@example.org,39,35-44,2023-07-19,West Theresamouth,Cook Islands
625,Megan,Powell,maryhardy@example.com,35,35-44,2025-06-20,Katelynfurt,Guinea-Bissau
626,Elizabeth,Clements,jdixon@example.com,73,55+,2024-12-17,North Johnfort,Djibouti
627,Sherri,Johnson,greertyrone@example.org,22,18-24,2025-08-11,South Cassandra,Greece
628,Kevin,Hanson,guerreroapril@example.com,67,55+,2023-08-03,Harrisfort,Liechtenstein
629,Jose,Cooper,cisnerosanthony@example.com,35,35-44,2025-01-31,South Shannonfurt,Kenya
630,Barry,Thompson,nicole27@example.com,40,35-44,2024-11-22,West Jennifer,Libyan Arab Jamahiriya
631,Ashley,Henry,kalvarez@example.net,59,55+,2023-05-27,South Joseshire,Honduras
632,Erica,Miranda,luke09@example.org,50,45-54,2025-07-24,Port Michael,Sudan
633,Anthony,Vance,oscar65@example.com,43,35-44,2025-06-03,Bellbury,Egypt
634,Deborah,Watkins,meltondanny@example.org,61,55+,2023-12-08,New Markmouth,Palestinian Territory
635,Ashley,Valenzuela,andrew79@example.org,71,55+,2024-09-25,Nicholasfurt,Gibraltar
636,Connor,Freeman,matthewshaw@example.net,52,45-54,2025-05-16,Garrettport,Haiti
637,James,Reid,pittmanamanda@example.com,39,35-44,2024-10-16,Brandonshire,Iran
638,Claudia,Rubio,vargasjoshua@example.net,19,18-24,2023-11-24,Simmonsstad,South Africa
639,Denise,Turner,ryan85@example.org,25,25-34,2023-04-07,Moraleshaven,Korea
640,Kathryn,White,burtonzachary@example.org,74,55+,2025-10-17,Lewismouth,Ethiopia
641,Amanda,Mendez,umichael@example.net,34,25-34,2025-08-25,New Jamesmouth,Cameroon
642,Edward,Jennings,megan65@example.org,29,25-34,2023-12-17,Port Robert,Swaziland
643,Debbie,Scott,richardwilson@example.org,55,55+,2024-02-27,East Lauraport,Kyrgyz Republic
644,Anita,Graham,harrisjoseph@example.org,34,25-34,2025-01-01,Kristineview,Palestinian Territory
645,Gregory,Phelps,dcasey@example.org,20,18-24,2025-04-12,Carolynland,United Arab Emirates
646,Penny,Powers,sandersmary@example.org,24,18-24,2024-09-01,North Ashley,Macao
647,Alejandra,Calderon,tyler13@example.net,56,55+,2023-06-14,Port Lindsaymouth,Syrian Arab Republic
648,Jo,Shaffer,selenarobinson@example.org,45,45-54,2025-06-03,East Tara,Kazakhstan
649,Jonathan,Lawrence,sferguson@example.org,40,35-44,2024-09-03,Amyfort,Pitcairn Islands
650,Sylvia,Suarez,michaelbaldwin@example.com,64,55+,2023-12-26,Lake Tammyton,Tajikistan
651,Lauren,Brown,johnnycruz@example.net,68,55+,2025-10-02,Rebeccaville,Martinique
652,Mia,Price,qpennington@example.com,38,35-44,2023-12-11,Port Katherineport,Cote d'Ivoire
653,Ruth,Welch,rmccormick@example.org,45,45-54,2023-08-14,Ruizchester,Vanuatu
654,Jennifer,Mcdowell,hollowayholly@example.net,56,55+,2024-05-08,West Robertside,Saint Pierre and Miquelon
655,Shawn,Johnson,davidsonisaiah@example.com,50,45-54,2024-04-29,North Richard,Niue
656,Lee,Miller,johnreeves@example.net,25,25-34,2024-03-27,Port Brooke,Isle of Man
657,Shannon,Russo,jorgemcdaniel@example.com,42,35-44,2024-04-18,Jameschester,Heard Island and McDonald Islands
658,Phillip,Bennett,andrewjohnson@example.net,75,55+,2023-09-17,North Terri,Congo
659,Jacqueline,Jackson,mwilliamson@example.com,54,45-54,2024-01-19,North Susan,Chile
660,David,Higgins,dayala@example.net,30,25-34,2025-05-08,Wilsonborough,Comoros
661,Keith,Snyder,ryanclark@example.org,34,25-34,2024-01-26,Jessicaborough,Italy
662,Ricky,Thomas,theresa39@example.com,20,18-24,2023-09-15,West Brandi,Oman
663,Christopher,Harrison,terri63@example.net,63,55+,2024-11-19,Ericksonview,Barbados
664,Angela,Williams,thomasgomez@example.net,45,45-54,2023-05-06,North Jonfurt,Gabon
665,Emily,Anderson,carpenterjorge@example.net,18,18-24,2024-08-13,Conradmouth,Bulgaria
666,Logan,Moreno,jorgeedwards@example.org,51,45-54,2023-04-27,Savageview,San Marino
667,Sara,Campbell,chloe48@example.com,69,55+,2024-06-21,Staffordmouth,Saint Pierre and Miquelon
668,Kathryn,Hernandez,jbrown@example.org,52,45-54,2025-01-10,East Barry,Eritrea
669,Janice,Graham,wwilliams@example.net,61,55+,2023-08-20,Ellisville,Tanzania
670,David,Davis,henry28@example.com,64,55+,2023-07-26,New Whitney,Albania
671,Katie,White,sancheztyler@example.org,65,55+,2025-03-05,Anthonyville,India
672,Brittany,Bean,eric17@example.net,65,55+,2024-07-11,Gibsonview,Nepal
673,Adam,Booker,unguyen@example.net,60,55+,2025-09-26,East Michelle,Spain
674,Justin,Yates,paynecarrie@example.org,30,25-34,2025-09-03,Scottbury,Sierra Leone
675,Christopher,Phelps,paulpowell@example.net,41,35-44,2024-08-19,North Kenneth,Spain
676,Jill,Dorsey,michaeldavis@example.com,45,45-54,2024-10-10,South Sean,Iceland
677,Joseph,Burke,avilalisa@example.net,22,18-24,2024-12-18,South Crystal,Bermuda
678,William,Mcpherson,deborahreeves@example.com,60,55+,2023-02-09,West Taylorland,United States of America
679,Kevin,Joyce,mckenzie86@example.com,39,35-44,2024-12-19,New Charleston,Malaysia
680,William,Gutierrez,kguerrero@example.com,57,55+,2023-05-25,Jonathanland,Seychelles
681,Allen,Yang,lwhite@example.com,38,35-44,2025-01-29,North Robertport,Germany
682,Jennifer,Todd,qhanson@example.com,60,55+,2025-06-08,East Jacob,San Marino
683,Jordan,Nunez,aferguson@example.com,72,55+,2025-07-04,North Georgefort,Kuwait
684,Richard,Sandoval,nturner@example.com,25,25-34,2025-11-17,Ballardland,Brunei Darussalam
685,Alexander,Rodriguez,hortonjacob@example.org,64,55+,2023-07-06,South Deborah,Pakistan
686,Ryan,Garrett,christophercarrillo@example.org,75,55+,2023-12-19,Hendersonville,Chad
687,Joanne,Wallace,cruiz@example.net,37,35-44,2023-08-02,East Kenneth,Switzerland
688,Brent,Smith,fpetty@example.net,50,45-54,2024-08-08,Benjaminfurt,Libyan Arab Jamahiriya
689,Brittany,Carr,dhall@example.net,37,35-44,2025-02-13,South Barbaraside,Bahrain
690,Patricia,Butler,nwilson@example.net,60,55+,2024-01-29,Shanechester,Angola
691,Keith,Lee,samuel83@example.net,44,35-44,2023-08-16,Sandramouth,Bulgaria
692,Jennifer,Myers,rwhitaker@example.net,38,35-44,2024-03-08,Lauraburgh,Nigeria
693,Justin,Curry,manderson@example.org,43,35-44,2023-10-26,Garciachester,Western Sahara
694,Kevin,Clark,kiddmichael@example.com,62,55+,2025-01-13,Ericaburgh,Sweden
695,Anthony,Brown,owilson@example.org,36,35-44,2025-01-29,South Jonathan,Guam
696,Kayla,Carrillo,paula89@example.net,53,45-54,2024-06-12,Lake Brentmouth,South Georgia and the South Sandwich Islands
697,Sydney,Campos,harringtonchelsea@example.org,26,25-34,2024-11-18,New Danielville,Trinidad and Tobago
698,Rhonda,Moore,jean87@example.net,30,25-34,2023-10-24,East Deborahmouth,Svalbard & Jan Mayen Islands
699,David,Harris,ahammond@example.org,44,35-44,2023-07-11,Petersonhaven,Chile
700,Joseph,Espinoza,qward@example.org,60,55+,2023-04-20,Port Karen,Italy
701,Devin,Patterson,hvillanueva@example.net,42,35-44,2023-11-28,Sherrymouth,Cameroon
702,Jennifer,Holmes,millerleroy@example.org,61,55+,2022-12-24,Brownton,Panama
703,Edward,Andrews,robert84@example.net,65,55+,2025-08-31,Reginatown,Sweden
704,Rachel,Bishop,isabellagriffin@example.org,75,55+,2024-02-16,Terryfurt,Singapore
705,Nicole,Miller,peter28@example.net,29,25-34,2023-10-11,Jasonhaven,Micronesia
706,Adrienne,Sherman,andrewzamora@example.net,57,55+,2024-04-07,Johnport,Saint Kitts and Nevis
707,Valerie,Rodriguez,skinnerjordan@example.net,54,45-54,2024-09-25,Davidville,Kiribati
708,Ashley,Smith,tonya99@example.net,37,35-44,2024-03-15,West Kevin,Papua New Guinea
709,Emily,Klein,danielblack@example.org,43,35-44,2025-05-16,Shawnberg,Rwanda
710,Maria,Miller,colemandavid@example.org,53,45-54,2024-09-30,Millerhaven,Iraq
711,Angelica,Maxwell,breanna67@example.net,71,55+,2025-06-09,Dennischester,Swaziland
712,Drew,Martinez,tanderson@example.net,18,18-24,2023-08-18,Lake Jasonfort,Antigua and Barbuda
713,Sherry,Wood,guzmanricky@example.org,37,35-44,2023-08-09,Ashleyton,Mali
714,David,Torres,kevin70@example.org,36,35-44,2023-08-04,Port Brittany,Australia
715,Pamela,Lewis,jsmith@example.com,31,25-34,2024-03-27,Port Bradleyfort,Montserrat
716,Ariel,Mccullough,ualvarez@example.net,45,45-54,2024-04-03,Port Dillon,North Macedonia
717,Kathleen,Contreras,michellenguyen@example.net,68,55+,2024-11-24,Hughesfurt,Guadeloupe
718,Brandon,Santiago,pfitzgerald@example.org,55,55+,2025-03-28,Lake Angel,Norfolk Island
719,Ann,Martinez,leechristine@example.net,56,55+,2024-04-01,New Aimeefort,Macao
720,David,Mayer,suzannehill@example.org,59,55+,2023-01-06,Port Janice,Tuvalu
721,Sean,Roman,richard07@example.org,38,35-44,2025-05-27,Samuelchester,Anguilla
722,Logan,Scott,pettyamber@example.com,47,45-54,2025-03-08,East Jonathan,Benin
723,Kristopher,Russell,brianwoodward@example.org,46,45-54,2023-08-05,Lake Brianfurt,Bolivia
724,Douglas,Orozco,nicholas10@example.org,46,45-54,2024-04-19,Port Carla,Dominica
725,William,Gordon,adamslucas@example.net,61,55+,2025-01-12,Jonestown,Ireland
726,Jesus,Mercado,angela91@example.org,31,25-34,2025-08-19,West Ashley,Kiribati
727,Meghan,Mason,nathanielgalloway@example.org,50,45-54,2023-04-18,Aliside,Korea
728,Aaron,Marshall,denise20@example.org,48,45-54,2023-02-11,Nelsonview,Taiwan
729,Omar,Bell,brendadixon@example.org,68,55+,2025-10-30,Lake Amanda,Bangladesh
730,Christopher,Hale,jessicalutz@example.com,75,55+,2024-03-20,New William,Spain
731,Nicole,Dougherty,tiffany74@example.org,68,55+,2024-04-16,Matthewmouth,Netherlands Antilles
732,Allen,Holt,lynchadam@example.org,65,55+,2024-05-02,South Angela,Qatar
733,Tracy,Long,cobbdebra@example.org,28,25-34,2025-12-05,Port Lisamouth,Peru
734,Michael,Hess,paul01@example.com,60,55+,2023-06-18,Sharonmouth,Algeria
735,Julia,Chang,james94@example.net,23,18-24,2023-11-18,East Tina,Guyana
736,Juan,Conway,adrianjoyce@example.net,36,35-44,2023-02-04,Rodriguezview,Montenegro
737,Troy,Arnold,cameronanderson@example.org,50,45-54,2025-01-24,West Sarah,Togo
738,Nicole,Daniel,james08@example.net,60,55+,2023-11-28,Erinmouth,Afghanistan
739,Danielle,Hahn,nashmarcus@example.com,58,55+,2024-10-02,Davidhaven,Lao People's Democratic Republic
740,Michael,Blake,brandonhull@example.net,57,55+,2025-01-16,Stewartfurt,Congo
741,Christopher,Armstrong,mooneyjeremiah@example.net,39,35-44,2024-05-11,Rosariobury,Congo
742,Mark,Brown,johnsonryan@example.org,23,18-24,2023-08-21,Marybury,Botswana
743,John,Peterson,underwoodapril@example.org,70,55+,2024-12-13,Port Carolmouth,Serbia
744,Colleen,Riley,villegassabrina@example.com,66,55+,2023-05-06,Pamelaland,Slovenia
745,Bryan,Lang,turnerconnie@example.org,33,25-34,2023-06-25,Lake Brianton,French Polynesia
746,Richard,Williamson,mhall@example.net,61,55+,2024-07-23,South Patrickchester,Turkmenistan
747,Christine,Morgan,gibsonmark@example.org,37,35-44,2025-07-29,North Alexanderland,Nauru
748,Rebecca,Martinez,michael79@example.com,32,25-34,2023-10-05,East Devin,Aruba
749,David,Silva,larry82@example.org,69,55+,2023-03-12,Parkermouth,French Guiana
750,Tara,Holmes,brianhunter@example.net,30,25-34,2024-07-03,South Mauriceborough,Northern Mariana Islands
751,Kristen,Peterson,dneal@example.net,27,25-34,2023-10-17,Melissashire,Grenada
752,Kevin,Murphy,gibsonkristina@example.org,19,18-24,2025-07-23,Robinsontown,Northern Mariana Islands
753,Heather,Owens,johnnavarro@example.com,20,18-24,2023-11-20,Harrisburgh,Sweden
754,Michael,Jones,spencerdouglas@example.com,33,25-34,2022-12-19,Lake Brenda,Serbia
755,Bradley,Johnson,justinrobinson@example.com,48,45-54,2024-06-20,West Melanie,Ecuador
756,James,Thompson,renee02@example.com,57,55+,2023-09-12,West Sharonport,Korea
757,Mike,Watson,shelleyrowland@example.net,72,55+,2023-12-17,Johnsland,British Indian Ocean Territory (Chagos Archipelago)
758,Nicole,Anderson,jamesgray@example.com,67,55+,2023-07-21,Carolbury,Uruguay
759,Kathryn,Matthews,kristine53@example.org,22,18-24,2023-02-18,Moniquehaven,Myanmar
760,Jason,Miller,ngibbs@example.org,47,45-54,2025-01-06,New Paul,Turkmenistan
761,Karen,Brooks,twhite@example.com,44,35-44,2025-09-06,Baldwinfort,Lebanon
762,Bianca,Little,clarkpatricia@example.com,74,55+,2024-01-29,South Jeffery,Jamaica
763,Ashley,Walls,jonathan12@example.org,58,55+,2024-07-16,Seanstad,Denmark
764,Blake,Hunt,ronald76@example.com,54,45-54,2025-06-03,Lindamouth,Faroe Islands
765,Angel,Alexander,deanna51@example.com,30,25-34,2024-07-24,Port Joshuabury,Bolivia
766,Charles,Johnson,matthewleonard@example.com,63,55+,2023-06-11,Julieview,Comoros
767,Whitney,Murillo,alan44@example.com,62,55+,2025-07-04,Bautistashire,Saudi Arabia
768,Alexander,Valdez,michelleperez@example.net,42,35-44,2025-09-21,South Jesus,Namibia
769,Katherine,Sharp,fpeterson@example.com,49,45-54,2025-04-15,South Kayla,Qatar
770,Jason,Cole,brooksbarbara@example.org,43,35-44,2024-09-17,Sherrytown,Luxembourg
771,Mary,Morgan,wsimmons@example.com,33,25-34,2025-09-27,Marktown,Montenegro
772,Sandra,Hernandez,ashley99@example.net,27,25-34,2023-01-28,Bairdborough,Yemen
773,Bryce,Hughes,krodriguez@example.com,59,55+,2024-08-06,Christopherville,Peru
774,Gregory,Serrano,mjohnson@example.org,62,55+,2025-04-15,Campbellbury,French Guiana
775,Alice,Gibson,april25@example.com,18,18-24,2025-09-28,Mooreville,Bulgaria
776,Robert,Paul,nfriedman@example.org,75,55+,2025-03-21,West Ryan,Russian Federation
777,Thomas,Munoz,briana87@example.com,66,55+,2025-10-06,North Vickie,Kiribati
778,Makayla,Jacobs,aliciakent@example.com,73,55+,2023-03-18,Fordton,Saint Pierre and Miquelon
779,Keith,Ibarra,treed@example.com,67,55+,2023-04-29,Austinburgh,Israel
780,Hayden,Williamson,qellis@example.org,74,55+,2023-12-31,South Hollyton,Dominican Republic
781,Joshua,Fuller,elizabeth13@example.com,24,18-24,2023-08-11,Riddleside,British Virgin Islands
782,Charles,Garcia,robert24@example.org,67,55+,2024-07-03,South Anthonymouth,Hong Kong
783,Julie,Foley,qjohnson@example.org,45,45-54,2024-05-25,West Ellen,Kyrgyz Republic
784,Steven,Miller,jenniferkim@example.com,32,25-34,2024-12-31,Mckenzieburgh,Taiwan
785,Catherine,Thompson,nicholspeter@example.org,29,25-34,2023-01-06,Lake Joshuamouth,Guinea-Bissau
786,Jay,Johnson,scottwilliams@example.net,69,55+,2023-09-11,South Hannahmouth,Austria
787,Adam,Barton,sarahbrooks@example.org,62,55+,2025-06-25,North Allen,Antarctica (the territory South of 60 deg S)
788,Matthew,Lee,walkernicole@example.net,51,45-54,2022-12-31,Lake Gary,Israel
789,Daniel,Murphy,colleenvilla@example.com,47,45-54,2025-02-12,Martinezborough,Botswana
790,Marcus,Smith,alexander37@example.org,21,18-24,2024-06-14,Lake Lisastad,Aruba
791,Nicole,Jenkins,gbird@example.net,53,45-54,2023-03-23,West Susan,Netherlands Antilles
792,Tina,Horton,martinreid@example.net,33,25-34,2024-04-25,Tiffanyfort,Bangladesh
793,Andres,Barr,oreyes@example.net,72,55+,2024-05-12,New Briana,American Samoa
794,Andrew,Blake,parkerjoann@example.org,25,25-34,2023-12-05,North Devinfort,French Polynesia
795,Edward,Harris,youngjessica@example.com,47,45-54,2023-10-18,Dennismouth,Norway
796,Abigail,Madden,karen35@example.com,26,25-34,2023-02-08,East Amber,United States of America
797,Vanessa,Solis,cathyjames@example.com,69,55+,2025-10-07,South Crystal,Bahrain
798,Chad,Lee,shawnamartinez@example.org,47,45-54,2025-01-10,East William,Japan
799,Larry,Griffith,rogerobrien@example.com,60,55+,2024-12-03,Barbaraborough,Faroe Islands
800,Christopher,Kaufman,egray@example.com,51,45-54,2024-12-25,Wagnerchester,Senegal
801,Lori,Leon,gillronald@example.org,53,45-54,2023-08-08,Brookeberg,Micronesia
802,Jonathan,Ford,jcampbell@example.net,56,55+,2023-09-07,Jonesberg,Saint Barthelemy
803,James,Hendricks,smithvincent@example.net,38,35-44,2024-12-06,Travischester,Wallis and Futuna
804,Tara,Brooks,lparker@example.org,66,55+,2024-08-13,Dyerville,Hungary
805,Francisco,Hines,kelsey58@example.net,75,55+,2025-05-05,Reidstad,Qatar
806,Debra,House,johnjohnson@example.com,46,45-54,2023-03-08,Lake Elizabethberg,Eritrea
807,Stanley,Becker,john92@example.org,57,55+,2025-07-06,Port Christopherfurt,Indonesia
808,Terri,Miller,nancymartin@example.com,70,55+,2025-06-06,Heatherhaven,Martinique
809,Olivia,Willis,ugoodwin@example.org,64,55+,2025-09-26,Lake Ashleystad,Suriname
810,Joseph,Clark,ahale@example.org,75,55+,2023-07-18,Smithland,Singapore
811,Robert,Butler,jessica22@example.com,50,45-54,2025-11-24,Lake Dennis,Libyan Arab Jamahiriya
812,Wayne,Rodriguez,jacobbrown@example.org,45,45-54,2023-09-17,West Tonya,Tunisia
813,Scott,Durham,oneillgabriel@example.com,71,55+,2024-09-04,South Davidland,Guam
814,Brenda,Woods,smithjoseph@example.org,53,45-54,2023-01-24,North Jasontown,Honduras
815,Abigail,Hayden,sarah75@example.net,46,45-54,2025-07-02,Rogersmouth,Germany
816,Shelley,Ortega,wbishop@example.com,75,55+,2023-12-16,North Stephenfurt,Saint Kitts and Nevis
817,Anthony,Martinez,stephanie35@example.com,28,25-34,2023-07-12,Robertsonborough,Afghanistan
818,Susan,Hess,schultzmorgan@example.net,65,55+,2025-08-26,Ericabury,New Caledonia
819,Ricardo,Salazar,baileysheila@example.com,73,55+,2024-12-30,Lake Paulborough,Rwanda
820,Molly,Walter,andersonlaura@example.com,48,45-54,2023-07-19,Jacksonmouth,Zimbabwe
821,Timothy,Fernandez,jasonmullins@example.net,46,45-54,2023-06-06,North Ryantown,Central African Republic
822,Raven,Miranda,jenniferwade@example.net,34,25-34,2024-04-29,Lake Derekside,North Macedonia
823,Christopher,Holt,sarahmiranda@example.net,66,55+,2025-01-11,Lake Matthewfurt,Palau
824,Kristen,Burch,ostokes@example.com,33,25-34,2025-09-01,West Christopherland,Guam
825,Sharon,Garner,berrydavid@example.com,71,55+,2025-06-15,Raytown,Georgia
826,Brittany,Lee,uwhitney@example.com,58,55+,2023-03-15,New Elizabeth,Nauru
827,Daniel,Smith,sstewart@example.org,35,35-44,2023-11-19,Frazierberg,Netherlands Antilles
828,Dustin,Ortega,georgekyle@example.net,67,55+,2024-02-22,West Wendyshire,Lesotho
829,Maria,Simpson,zbrown@example.com,67,55+,2025-08-15,Port Jennifer,Thailand
830,Isabella,Williams,melissaluna@example.com,51,45-54,2023-11-23,North Amy,Guadeloupe
831,Erica,Mooney,hmyers@example.net,49,45-54,2024-09-25,Justinborough,Reunion
832,Phillip,Anderson,hornjenna@example.com,58,55+,2025-04-08,New Devin,Qatar
833,Kelly,Thomas,lindagonzalez@example.net,33,25-34,2024-12-27,West Jessicashire,Bosnia and Herzegovina
834,Kristen,Garrison,bclements@example.net,35,35-44,2025-10-27,North Cody,Lebanon
835,Sierra,Wilson,brittney26@example.org,46,45-54,2023-09-14,North Johnfort,Gabon
836,Caitlyn,Thompson,yparsons@example.net,22,18-24,2025-11-11,Port Stevenfurt,Falkland Islands (Malvinas)
837,Denise,Richardson,wilsondavid@example.net,63,55+,2025-08-17,North Brenda,Montserrat
838,Joshua,Mcgee,patrickcooke@example.net,36,35-44,2024-12-22,Evansberg,Bolivia
839,Bryan,Stout,richardhaynes@example.com,33,25-34,2024-04-27,Brownshire,Mauritania
840,David,Mullins,whitecarol@example.org,35,35-44,2025-09-16,New Sethmouth,British Virgin Islands
841,David,Harris,christopherscott@example.org,39,35-44,2023-02-07,North Williamstad,Mayotte
842,Rodney,Landry,wrightbrandon@example.net,38,35-44,2023-09-01,Donnamouth,Burundi
843,Tracy,Edwards,catherine83@example.net,75,55+,2025-05-23,Lake Loribury,Argentina
844,Donald,Chase,susanguzman@example.org,52,45-54,2023-09-27,Joshuachester,Belarus
845,Jonathan,James,ricardomiller@example.com,23,18-24,2025-04-11,Bentleyberg,Mauritania
846,Chad,Oconnor,jenniferelliott@example.net,26,25-34,2023-10-21,South Lorraine,Germany
847,Nicholas,Maynard,chrismartinez@example.org,27,25-34,2024-10-12,Jonesland,Guyana
848,Kimberly,Thomas,joshuagarcia@example.org,32,25-34,2024-05-10,Lynnville,China
849,Jessica,Parker,wdavis@example.net,42,35-44,2025-03-05,Andreaville,Ukraine
850,George,Potts,zwhite@example.net,62,55+,2023-02-21,Woodsberg,Eritrea
851,Gloria,Reeves,douglasbradley@example.com,27,25-34,2022-12-23,Lake Daniellestad,Russian Federation
852,Erika,Barnes,wwhite@example.com,63,55+,2023-12-30,Joshuachester,Mali
853,Kevin,Hodge,richard51@example.net,31,25-34,2023-11-29,North Jessicaland,Chad
854,Brian,Paul,astokes@example.com,22,18-24,2025-05-20,South Tyler,Poland
855,Pamela,Wolfe,msmith@example.net,44,35-44,2025-10-25,Lake Ronaldside,San Marino
856,John,Stevenson,lawsontami@example.net,44,35-44,2024-05-28,East Charles,Taiwan
857,Willie,Farley,ksimpson@example.com,39,35-44,2023-07-04,West Robinbury,Switzerland
858,Melissa,Hodge,kevin44@example.org,52,45-54,2025-03-25,Lake Crystalfurt,Cuba
859,Sarah,Haley,wallspatricia@example.com,47,45-54,2024-03-26,West Adammouth,Greenland
860,Michael,Smith,richardsmith@example.com,44,35-44,2024-03-16,Gonzalezhaven,Malaysia
861,Robert,Gentry,moorediane@example.org,21,18-24,2023-08-04,Fosterport,Haiti
862,Patricia,Herrera,daniel77@example.org,31,25-34,2024-10-04,West Julie,Albania
863,Nicole,Fletcher,lopezbilly@example.com,71,55+,2024-06-19,Mannington,Central African Republic
864,James,Mendoza,david78@example.com,44,35-44,2025-10-08,West Karen,Slovakia (Slovak Republic)
865,Warren,Mclean,ganderson@example.org,42,35-44,2024-08-21,East Maurice,American Samoa
866,Joel,Gregory,russell90@example.com,75,55+,2025-11-06,Robertsfort,Belize
867,John,Hernandez,johnwang@example.com,67,55+,2024-10-05,Lake Lori,Congo
868,Jasmine,Patrick,jacobbond@example.net,55,55+,2024-12-14,East David,Iran
869,Joshua,Lee,ronaldjensen@example.org,62,55+,2023-02-06,South Richardport,Reunion
870,Tina,Walker,gmendoza@example.com,19,18-24,2025-08-18,West Danielstad,Fiji
871,Jennifer,Wright,whiteaaron@example.net,72,55+,2024-06-06,Jasonfort,Fiji
872,Craig,Lopez,tcox@example.org,74,55+,2025-07-08,Lake Alexanderside,Sierra Leone
873,Mark,Figueroa,julia98@example.net,66,55+,2023-06-29,Johnview,Cote d'Ivoire
874,Patrick,Eaton,crystalguzman@example.org,54,45-54,2025-06-03,East Janet,Uzbekistan
875,Charles,Payne,kevin73@example.net,42,35-44,2023-05-11,North David,Italy
876,Jennifer,Snow,patricia71@example.com,48,45-54,2025-04-12,South Roberthaven,Somalia
877,Gary,Hill,keithsosa@example.org,18,18-24,2023-01-11,Lake Lisa,Lithuania
878,Amanda,Palmer,martinkaren@example.com,40,35-44,2025-11-06,Moralesview,Costa Rica
879,Adam,Armstrong,suarezkrystal@example.com,37,35-44,2023-09-20,Kevinbury,French Polynesia
880,Andrea,Jackson,fergusonkelly@example.net,66,55+,2024-01-30,West Sara,Faroe Islands
881,Dawn,Wright,amandasmith@example.com,42,35-44,2023-02-27,Markside,Estonia
882,Ricky,Carr,tracie05@example.org,72,55+,2023-07-04,Gregorytown,Mauritania
883,Tiffany,Osborne,sharphailey@example.net,75,55+,2025-09-25,Mollyside,Costa Rica
884,Jeffrey,Adams,omoore@example.net,71,55+,2024-10-25,Richardsonfort,Bermuda
885,Hunter,Lopez,jacobhenry@example.net,44,35-44,2025-01-17,Lake Julian,Georgia
886,Nicole,Roth,chadjones@example.org,52,45-54,2023-08-19,Stoutfurt,Bolivia
887,Derrick,Christensen,morrisonnicholas@example.org,65,55+,2025-03-06,Port Alexanderton,Bulgaria
888,Kayla,Adams,sparksalbert@example.org,65,55+,2023-12-29,Melissaland,Cook Islands
889,Timothy,Hart,tochoa@example.com,52,45-54,2023-07-13,Mooreton,Mayotte
890,Joseph,Stephens,bryancurtis@example.com,69,55+,2025-11-18,New Oliviachester,Cambodia
891,Rhonda,Johnson,wcruz@example.net,56,55+,2022-12-10,Jeremiahfurt,Poland
892,Travis,Ewing,cristiansosa@example.com,75,55+,2023-06-01,New Matthewstad,Uzbekistan
893,Paula,Munoz,royrogers@example.org,32,25-34,2023-04-19,Hernandezport,Nigeria
894,Michael,Garcia,qstanley@example.net,49,45-54,2024-02-27,Port Aaronberg,Slovakia (Slovak Republic)
895,Dwayne,Hernandez,ygriffith@example.com,32,25-34,2025-09-22,North Beckyview,Cameroon
896,Marcus,Anderson,fgomez@example.com,35,35-44,2023-04-28,Steelechester,Netherlands
897,Mathew,Pham,patrickdunn@example.net,45,45-54,2025-08-23,Patelbury,Hungary
898,Bianca,Fisher,jacquelineyoung@example.org,49,45-54,2023-04-17,Port Andre,Moldova
899,Susan,Mccall,pruittmichael@example.org,19,18-24,2024-12-14,Stevenside,Venezuela
900,John,Carey,burgessdavid@example.net,42,35-44,2024-09-23,South Jessica,Qatar
901,Nathan,Miles,woodsbrittney@example.org,39,35-44,2024-09-28,East Michaelland,Ecuador
902,Alexander,Guerra,lhernandez@example.com,60,55+,2023-04-07,Lake Allison,Yemen
903,Theodore,Sharp,sharrington@example.org,61,55+,2024-03-18,Danielton,Turkmenistan
904,Antonio,Potter,alexwall@example.net,69,55+,2025-09-02,Spencerview,Uruguay
905,Warren,Fletcher,rhuynh@example.org,43,35-44,2025-05-15,Spenceberg,Samoa
906,Richard,Brown,vwhite@example.net,64,55+,2023-11-03,Port Heatherfort,Germany
907,Dawn,Wilcox,brianwatson@example.com,28,25-34,2025-09-17,West Daniel,Belarus
908,Carrie,Bradford,allenfrancisco@example.org,71,55+,2024-06-24,East Carlaport,Comoros
909,James,Hickman,josephdavila@example.net,47,45-54,2025-04-14,New Valeriefort,Aruba
910,Leonard,Harding,hooperkaren@example.com,26,25-34,2023-02-21,West Karen,Saint Kitts and Nevis
911,Terri,Park,riverapeggy@example.net,57,55+,2024-06-13,New Lindseyberg,Anguilla
912,Laura,Woods,robertsedward@example.com,52,45-54,2025-06-08,Lake Christopherbury,Turks and Caicos Islands
913,Lindsey,Pena,victoriamason@example.net,19,18-24,2023-11-08,Sethberg,Guadeloupe
914,Michael,Chase,twilliams@example.net,43,35-44,2024-03-04,Allenland,Cape Verde
915,Courtney,Jimenez,thomasmonica@example.net,55,55+,2025-05-07,South Clintonmouth,Chile
916,Evan,Ramirez,michael12@example.net,54,45-54,2024-03-12,Scottfort,Equatorial Guinea
917,Debra,Taylor,bonillatracy@example.com,60,55+,2024-10-25,Richardberg,Kazakhstan
918,William,Weber,nathaniel68@example.com,19,18-24,2024-06-30,Natalieton,Niger
919,Brian,Gibbs,mooredaniel@example.com,23,18-24,2025-09-04,New Reginald,Barbados
920,Paul,Ford,baileytaylor@example.net,59,55+,2023-11-20,Rodriguezburgh,Saint Martin
921,Samantha,Nielsen,vgonzalez@example.org,45,45-54,2023-05-26,Matthewfort,Croatia
922,Judith,Wilson,jjohnson@example.com,26,25-34,2025-12-03,Lake Jason,Montenegro
923,Vanessa,Schroeder,mayermichael@example.com,73,55+,2023-01-26,Lewisborough,Trinidad and Tobago
924,Stephanie,Sutton,johnny21@example.org,47,45-54,2023-01-13,West Richardport,Tunisia
925,Monica,Warren,jack01@example.com,29,25-34,2024-11-09,Tabithaport,Chad
926,Michael,Barnes,ynichols@example.org,21,18-24,2023-10-13,Gomezshire,Iceland
927,Ann,English,christiancontreras@example.net,34,25-34,2022-12-24,West Elizabeth,Swaziland
928,Alexis,Mosley,victorstewart@example.net,42,35-44,2024-04-13,Bakertown,Korea
929,Cynthia,Fowler,johnsonjulie@example.org,38,35-44,2023-06-22,Hortonburgh,Netherlands Antilles
930,Javier,Clark,teresaray@example.org,31,25-34,2024-07-17,Lisatown,Gabon
931,Wayne,Parrish,dbanks@example.com,47,45-54,2024-03-29,Bellside,Japan
932,Terri,Rogers,stephenbrooks@example.net,38,35-44,2025-02-28,New Ryan,Finland
933,Haley,Kim,jacqueline11@example.org,39,35-44,2025-09-28,Lake Allenchester,Bosnia and Herzegovina
934,Karen,Hanson,schultzwesley@example.org,66,55+,2025-01-18,Melissaborough,Czech Republic
935,Andrea,Wilson,wsampson@example.com,74,55+,2024-11-14,Odonnellfurt,Albania
936,Kimberly,Romero,nichole44@example.com,42,35-44,2024-07-12,North Rachel,Israel
937,Alexis,Hernandez,mary89@example.com,35,35-44,2023-01-28,Georgeshire,Jersey
938,Angela,Myers,zpoole@example.net,66,55+,2023-12-19,Andersonfurt,Saint Lucia
939,Richard,Flores,samuelgarcia@example.org,71,55+,2023-09-04,Lake Barbarafurt,Tajikistan
940,Sabrina,Hood,stacyharris@example.org,44,35-44,2025-08-09,South Alexandershire,Cape Verde
941,Christine,Stephens,armstronganthony@example.net,34,25-34,2023-01-21,South Cynthia,Slovakia (Slovak Republic)
942,Jacob,Delgado,kennethnichols@example.org,71,55+,2024-06-17,Townsendton,Falkland Islands (Malvinas)
943,Savannah,Burton,rodriguezsara@example.org,23,18-24,2023-04-16,East Justinburgh,Bermuda
944,Troy,Ward,peterhenry@example.org,48,45-54,2023-04-08,Jonesland,Cote d'Ivoire
945,Robert,Preston,lstokes@example.com,19,18-24,2025-11-10,East Donnaton,British Indian Ocean Territory (Chagos Archipelago)
946,Victoria,Webb,moorejudy@example.org,65,55+,2024-05-24,New Anthony,Angola
947,William,Hernandez,danny30@example.com,52,45-54,2025-02-20,East Christopher,Puerto Rico
948,Joseph,Olson,baileyandrea@example.com,21,18-24,2023-06-23,Mcgeefort,Jordan
949,Stacey,Nielsen,gerald46@example.org,40,35-44,2025-02-12,Gabrielborough,Zimbabwe
950,Ryan,Griffin,lisa91@example.net,32,25-34,2025-01-04,Pattersonshire,Guinea
951,Rachael,Weiss,cjackson@example.net,59,55+,2024-07-11,Brendaport,Netherlands
952,Stephanie,Moreno,ljohnson@example.com,22,18-24,2025-09-06,Gibbsstad,Ecuador
953,Jason,Watson,kimberlymartinez@example.com,67,55+,2023-03-31,Lake Markmouth,Montenegro
954,Rachel,Hoffman,ncampbell@example.net,59,55+,2024-04-21,North Ann,Saint Barthelemy
955,Sophia,Aguirre,berrydebbie@example.net,20,18-24,2025-07-10,Stewartmouth,Congo
956,Brandon,Snyder,mooneyrobert@example.org,66,55+,2023-10-11,Jacksonmouth,Nauru
957,Joel,Smith,schneidermelissa@example.org,19,18-24,2024-07-25,Mitchellfurt,Argentina
958,Samantha,Williams,jonescody@example.com,33,25-34,2025-03-16,Joshuastad,Iran
959,Angela,Edwards,longheather@example.com,30,25-34,2023-04-11,Allisonville,Tajikistan
960,Sharon,Garcia,brandonsmith@example.org,71,55+,2024-07-11,Michellechester,Czech Republic
961,Christopher,Ramsey,lisa80@example.net,19,18-24,2023-08-30,West Nicoleton,Bouvet Island (Bouvetoya)
962,Stacey,Jones,hailey64@example.net,57,55+,2023-02-21,East Brandy,British Indian Ocean Territory (Chagos Archipelago)
963,Luis,Hernandez,qwalsh@example.org,27,25-34,2023-06-23,New Timothy,Liechtenstein
964,Marc,Simon,christophermiranda@example.net,33,25-34,2024-02-17,West Angelicabury,Palestinian Territory
965,Jill,Harris,jonestroy@example.org,26,25-34,2025-09-09,Lake Jasonfurt,Comoros
966,Dan,Clark,kathleen47@example.net,48,45-54,2025-01-04,Port William,United States Virgin Islands
967,Jeffery,Cox,gparrish@example.org,60,55+,2023-06-29,Lopezview,Jamaica
968,Gina,Lynn,thomasnancy@example.net,25,25-34,2023-08-21,East Allenmouth,Colombia
969,Anthony,Stanley,hbell@example.net,54,45-54,2024-01-27,West Ryanberg,Indonesia
970,Ryan,Cook,gnelson@example.org,31,25-34,2025-01-27,Dennischester,Congo
971,Jaime,Thompson,alyssa78@example.com,47,45-54,2024-03-09,Lake Brendanbury,Bouvet Island (Bouvetoya)
972,Darius,Jacobson,john81@example.com,62,55+,2023-11-15,New Holly,Iraq
973,Philip,Robinson,tyler23@example.com,34,25-34,2024-08-08,Janiceport,Saint Martin
974,Clinton,Gordon,sstevenson@example.org,67,55+,2022-12-13,West Erin,Chad
975,Martin,Gibson,waderonnie@example.org,41,35-44,2023-09-26,West Nicole,Chile
976,Kathleen,Smith,tara90@example.com,28,25-34,2025-10-29,South Daniel,Svalbard & Jan Mayen Islands
977,Ashley,Mooney,aliciajackson@example.org,56,55+,2023-01-05,North Kevinmouth,Korea
978,Jessica,Fritz,elizabeth45@example.com,56,55+,2025-01-09,Port Michaelmouth,Uganda
979,Kim,Vincent,rrodriguez@example.net,65,55+,2025-02-20,East Tiffanybury,Palestinian Territory
980,Michael,Johnson,vhoward@example.org,63,55+,2023-07-17,South Danielle,Falkland Islands (Malvinas)
981,Erika,Nolan,harcher@example.org,25,25-34,2025-08-08,Reneestad,Tuvalu
982,Peter,Butler,kyle09@example.net,67,55+,2024-05-06,Maryville,Jersey
983,Ashley,Sparks,keith07@example.net,70,55+,2024-11-14,South Erin,Mali
984,Cindy,Beck,tommy14@example.org,28,25-34,2024-03-03,Williamsport,Sweden
985,David,Freeman,jordandonna@example.org,37,35-44,2025-06-17,West Devinport,Solomon Islands
986,Elizabeth,Mack,stephaniereeves@example.org,24,18-24,2025-01-26,South Brenda,Belgium
987,Jeffery,Kennedy,john66@example.com,55,55+,2024-03-04,West Samanthaport,China
988,Ryan,Liu,feliciagonzalez@example.org,19,18-24,2025-05-02,Spencerport,Gambia
989,Kenneth,Ho,ygardner@example.com,37,35-44,2023-04-20,East Alishamouth,Macao
990,Jennifer,Mcdonald,aowens@example.com,54,45-54,2025-11-07,New Anthonychester,Benin
991,Christina,Turner,bettywatson@example.net,61,55+,2023-07-15,Brianfurt,Brunei Darussalam
992,Elizabeth,Ford,fcombs@example.org,42,35-44,2024-08-25,Mariaville,Grenada
993,Connor,Roberts,dvaughn@example.org,43,35-44,2025-06-19,Lake Jamieberg,Monaco
994,Derek,Jacobson,kevincollins@example.org,63,55+,2025-01-16,Hansonborough,Brazil
995,Aaron,Munoz,meyerjohn@example.org,30,25-34,2023-03-23,Johnsonhaven,Kenya
996,Brian,Martinez,lwebb@example.org,22,18-24,2024-08-06,Lorrainemouth,Togo
997,Christina,Reynolds,lopezlori@example.net,55,55+,2025-09-26,East William,Reunion
998,James,Castillo,elizabeth97@example.com,62,55+,2025-04-06,Peterville,Kyrgyz Republic
999,Lisa,Hernandez,stephen96@example.org,71,55+,2024-09-16,Austinmouth,Armenia
1000,Sydney,Mcdonald,khill@example.com,58,55+,2024-06-12,West Rachel,Malta
